,USER No.,受注NO,開始時刻,完了時刻,設問１営業担当の対応（挨拶、マナー、迅速性、丁寧さ等）はいかがでしたでしょうか。,営業担当についてそのように評価された理由をお聞かせください。 ,設問２弊社の技術力について回答お願い致します。(プロジェクトマネージャの対応),設問２弊社の技術力について回答お願い致します。(技術力・経験),設問２弊社の技術力について回答お願い致します。(工程管理の対応),設問２弊社の技術力について回答お願い致します。(現場でのコミュニケーション),設問２弊社の技術力について回答お願い致します。(安全対策の対応),設問２弊社の技術力について回答お願い致します。(ベンダーの管理対応),設問２弊社の技術力について回答お願い致します。(追加等変更への対応),設問２弊社の技術力について回答お願い致します。(成果物の品質),技術力について、そのように評価された理由をお聞かせください。 ,設問３弊社からの報告について回答お願い致します。(迅速性と報告内容（速報等）),設問３弊社からの報告について回答お願い致します。(完成図書の提出時期),報告について、そのように評価された理由をお聞かせください。,設問４弊社の総合力についてお聞かせください。(提案力),設問４弊社の総合力についてお聞かせください。(問題点の解決力),設問４弊社の総合力についてお聞かせください。(コストの妥当性),設問４弊社の総合力についてお聞かせください。(他社と比べてどうか),総合力について、そのように評価された理由をお聞かせください。,設問５今後の設備投資計画等についてお聞かせください。(新規設備、システム導入),設問５今後の設備投資計画等についてお聞かせください。(設備またはシステム改造),設問５今後の設備投資計画等についてお聞かせください。(メンテナンスまたは更新),可能でしたら、具体的な内容をお聞かせください。,設問６最後の設問です。その他お気付きの点、ご要望がありましたらご記入ください。,物件ID,物件名,顧客名,物件金額（千円）,受注実績（千円）,確度,物件進捗,引合日,受注日,完了日,営業部門,営業担当,技術部門,技術担当,振替科目,振替部門,"振替
予算NO","振替
受注NO","振替先
ソートキー","振替先
ＷＢＳ要素","振替先
内部指図",受注ステージ,物件管理部場,営業管理部場,契約先区分,国内外区分,最終顧客区分,エンドユーザ,輸出管理,知財調査,最終決裁者部門,最終決裁者,事業責任者部門,事業責任者,営業最終責任者部門,営業最終責任者,調達責任者部門,調達責任者,技術責任者部門,技術責任者,営業責任者部門,営業責任者,物件概要,工事分類,業務区分,簡易承認フロー,商品区分,引合分野,取組コメント,"継続
対象",継続元物件ID,検討会開催日,出席者,件名,客先名,納入場所,技術概要,注文範囲,契約納期,PJ責任者,計画利益達成方策,計画課題達成方策,計画リスク対策案,計画その他,結果利益差異理由,結果課題達成結果,結果リスク管理実績,結果その他,設計レビュー要否,計画基本設計,計画詳細計画,計画現地工事,計画その他_1,計画設計検証,計画妥当性確認,実績基本設計,実績詳細計画,実績現地工事,実績その他,実績設計検証,実績妥当性確認,備考,削除フラグ,URL
0,88843270,325213,2023-02-02T10:37:43+09:00,2023-02-02T11:51:15+09:00,非常に満足,*,非常に満足,非常に満足,非常に満足,非常に満足,非常に満足,満足,非常に満足,非常に満足,*,満足,満足,*,非常に満足,非常に満足,大体満足,満足,*,なし,1年以内,1年以内,*,*,2051562,【BS結果報告】2022年度定修（計装）,(株)日本海水 購買部,"23,340","23,340",K,フォロー,2022/04/05,2022/05/01,2023/01/31,BWK400 営業第一（大阪駐在),尾崎 文俊,YW7100 電計第一西,岡部 直樹, , , , , , , ,受注(注文書受領),YW7100 計装制御技術西日本（守山）,BWK400 営業第一（大阪駐在),その他,国内,契約先と同じ, ,対象外,調査不要,ＥＩＣＳ事業部,多田 信嗣,計装制御技術部共通,佐藤 弘文,営業統括部（共通）,若林 健,調達部,佐藤 伸明,計装制御技術西日本（守山）,植松 宣州,営業第一（大阪駐在),大澤 剛士, ,請負工事,金額基準,標準案件,EICS／計装制御/改善、更新エンジ,食品, , , ,2023/04/04 0:00:00,多田さん、佐藤弘文さん、植松さん、新保さん、若林さん、尾崎さん、佐藤伸明さん、木下さん、吉原さん、上野さん、加藤さん、岩崎さん、岡部,2022年度定修　製塩工場(計装),株式会社 日本海水 赤穂工場,兵庫県赤穂市加里屋字加藤974,毎年実施している計装機器の点検整備及び更新。,"(1)イオン監視制御機器更新
(2)イオン計装計器更新
(3)せんごう計装計器更新
(4)イオン計装計器整備
(5)せんごう計装計器整備 
　\x{2460}警報ユニット,パネル計器更新・・・12台
　\x{2461}現場計器更新(伝送器、他)・・・20台
　\x{2462}現場計器整備(流量計、分析計)・・・7台
　\x{2463}現場調節弁整備・・・3台
　\x{2464}DCS点検整備
",2023/1/31,岡部直樹,"・工程管理、ドキュメント管理等を確実に行い、PJマネジメントを効率的且つ円滑に実施する。

・担当者（加藤ｓ、岩崎ｓ）が本件を通じて、保全の技術・知識を吸収し、
単独で件名遂行できるレベルになることを目的とする。(3年以内)

・NK赤穂定修関連のドキュメントを整備・標準化し、件名担当者の属人化を解消する。（引継をスムーズに）

【PJ実行計画会議指示事項】
・設計レビューではテーマ・成果物を明確にし、実施すること
・東谷さんから早期に引継ぎを行う。（調節弁の勉強も行うこと）
・TMQ導入について検討（メリット、コスト）","◆目標
無事故・無災害で遅滞なく工事を完成させ、トラブル無しでのスタートを達成する。22年度定修にて実施業務を把握し、中期計画を策定する。
◆課題
１）客先、他業者、ベンダーと連絡を密に取り、錯綜作業・計画外作業の回避。
２）計器調達、工事設計を遅延無く遂行する。
３）現場機器配置、使用計器、保全内容を完全に把握する。
◆方策
１）施工計画書による安全・品質確保、作業指示及びＫＹシートの確実な運用を行ったうえで、日々の連絡会で情報を共有する。特に特定作業(ｸﾚｰﾝ)においては、計画から変更が出ないよう、入念な計画を練る。
２）工程表、ドキュメントリストを作成し、PJ管理を行う。仕様が確定しているものは早めに発注を行っていく。
３）保全履歴を基に現地調査を徹底し、中期計画の見直しを行う。","◆想定リスク
１）新型コロナの影響（計器の納期遅れ、ベンダー人員確保不能）
２）現地工事期間中、別件の突発時に人員が不足する。
　　またCK-1_OSBLメカランが12月にあり、ｵｰﾊﾞｰﾗｯﾌﾟする時期がある。
◆方策
１）定期的に進捗確認を実施。問題発生時は遅滞なく客先へ報告し、
方策を練る。点検対象計器をメーカに送って工場整備とすることも検討する。（工程を考慮しておく）
　　早め早めの発注で設計・納期に余裕を持たす。
２）Gr.内およびテクノとの協同で工程・人員調整を図り、体制を構築しておく。
","岡部：加藤ｓ、岩崎ｓに3年以内に件名を引き継ぐ。
加藤、岩崎：3年以内に件名単独遂行できるよう、手順・方法を習得する。実務を通じてエンジ業務一連の流れを把握する。定修の計画\x{ff5e}現場管理・検収を一通り実施し、赤穂工場における施工管理方法・手順の理解を深める。
資料からプロセス、フロー等の知識を深める。（全体的な視野で）","工程・ドキュメント管理を確実に行い、計画通りにPJを遂行。

・Teamsを活用し、社内外の調整事をタイムリーに実施でき、
　設計・実施においても後戻り、手直しなく遂行できた。
・予算面でも追加受注分を含めて、計画と大きな差異なく完了できた。
・2022年度は岩崎ｓが現地対応。後進への引継ぎを継続していく。
・ドキュメントの整備・標準化は概ね完了。（過去データも整理）
・今年度から東谷さんへの依頼内容を大幅に縮小。中期計画については、単独で策定中。
・TMQについては、AITより説明を受け、効果的であると考える。
　⇒客先に納めるかAECのツールとするか協議が必要。","無事故・無災害で完工し、ノントラブルでスタートアップを達成。
23年度以降の中期計画策定中。

【要因】
　・客先と打合せ、質疑書でのやりとりを密に行い、
　　設計上の曖昧な点を排除。（後戻り、手直し、ミスを回避できた）
　・テクノ、電気および他業者とも直接現場で錯綜調整を行い、
　　スムーズに工事を進めることができた。
　・既設客先図面の整備および新設工事図面の作成を確実に行い、
　　施工計画書に反映したことで、リスク抽出の詳細化、施工ミスの
　　回避を行うことが出来た。
　・納期に余裕を持たした早めの発注で早期納入を実現。

【反省点】
　現地作業において、ベンダー9社の管理となり、対応に追われたので、
　もっと効率的な作業工程、人員配置を検討する必要がある。","想定リスクを回避し、計画通りに完工。

【要因】
　・計器納期を随時確認し、遅延無く納入することができた。
　・納期に余裕を持たした早めの発注で早期納入を実現。
　・先行工事を実施し、定修工程に余裕を持たせたことで遅れを回避。
　　（セオラスとのラップの影響も回避）
【その他】
　　テクノ、電気との細やかな調整を行い、錯綜作業を回避できた。","岡部：施工計画から若手と共同で作業し、徐々に引継ぎ。
岩崎：施工計画?現場管理、検収作業を実施し、理解を深めた。
　　　　ループチェックは主体的に行動できていた。
加藤：当初は日本海水での作業を考えていたが、セオラス工事を
　　　　完遂させるため、現地入りは見送ることとした。
　　　　⇒来年度以降は、加藤ｓ、岩崎ｓメインで対応する予定。
【客先評価】
・客先アンケートの結果も良好。",要,2022/08/01 0:00:00,2022/10/01 0:00:00,2022/11/01 0:00:00, ,2022/12/01 0:00:00,2023/01/01 0:00:00,2022/08/30 0:00:00,2022/10/12 0:00:00,2022/12/02 0:00:00, ,2022/12/02 0:00:00,2023/01/23 0:00:00, ,0,2051562
1,88850555,325213,2023-02-02T14:59:02+09:00,2023-02-03T17:24:09+09:00,非常に満足,打合せ日程、見積内容の変更など急な変更にも都度対応頂いた。,非常に満足,非常に満足,非常に満足,非常に満足,大体満足,満足,満足,満足,*,満足,大体満足,*,非常に満足,非常に満足,大体満足,大体満足,電気・計装・設備と分かれてはいるけど、突発事は一体となって対応出来るのが強みです。,５年以内,1年以内,1年以内,ＤＣＳの追加改造、計装計器の定期的更新、12月に定期整備,お互いにベテランと言われる人が退職していき、弊社も技術の伝承が間に合っていないと思う時がある。そういう時にパートナーとして良き相談相手でいてほしい。,2051562,【BS結果報告】2022年度定修（計装）,(株)日本海水 購買部,"23,340","23,340",K,フォロー,2022/04/05,2022/05/01,2023/01/31,BWK400 営業第一（大阪駐在),尾崎 文俊,YW7100 電計第一西,岡部 直樹, , , , , , , ,受注(注文書受領),YW7100 計装制御技術西日本（守山）,BWK400 営業第一（大阪駐在),その他,国内,契約先と同じ, ,対象外,調査不要,ＥＩＣＳ事業部,多田 信嗣,計装制御技術部共通,佐藤 弘文,営業統括部（共通）,若林 健,調達部,佐藤 伸明,計装制御技術西日本（守山）,植松 宣州,営業第一（大阪駐在),大澤 剛士, ,請負工事,金額基準,標準案件,EICS／計装制御/改善、更新エンジ,食品, , , ,2023/04/04 0:00:00,多田さん、佐藤弘文さん、植松さん、新保さん、若林さん、尾崎さん、佐藤伸明さん、木下さん、吉原さん、上野さん、加藤さん、岩崎さん、岡部,2022年度定修　製塩工場(計装),株式会社 日本海水 赤穂工場,兵庫県赤穂市加里屋字加藤974,毎年実施している計装機器の点検整備及び更新。,"(1)イオン監視制御機器更新
(2)イオン計装計器更新
(3)せんごう計装計器更新
(4)イオン計装計器整備
(5)せんごう計装計器整備 
　\x{2460}警報ユニット,パネル計器更新・・・12台
　\x{2461}現場計器更新(伝送器、他)・・・20台
　\x{2462}現場計器整備(流量計、分析計)・・・7台
　\x{2463}現場調節弁整備・・・3台
　\x{2464}DCS点検整備
",2023/1/31,岡部直樹,"・工程管理、ドキュメント管理等を確実に行い、PJマネジメントを効率的且つ円滑に実施する。

・担当者（加藤ｓ、岩崎ｓ）が本件を通じて、保全の技術・知識を吸収し、
単独で件名遂行できるレベルになることを目的とする。(3年以内)

・NK赤穂定修関連のドキュメントを整備・標準化し、件名担当者の属人化を解消する。（引継をスムーズに）

【PJ実行計画会議指示事項】
・設計レビューではテーマ・成果物を明確にし、実施すること
・東谷さんから早期に引継ぎを行う。（調節弁の勉強も行うこと）
・TMQ導入について検討（メリット、コスト）","◆目標
無事故・無災害で遅滞なく工事を完成させ、トラブル無しでのスタートを達成する。22年度定修にて実施業務を把握し、中期計画を策定する。
◆課題
１）客先、他業者、ベンダーと連絡を密に取り、錯綜作業・計画外作業の回避。
２）計器調達、工事設計を遅延無く遂行する。
３）現場機器配置、使用計器、保全内容を完全に把握する。
◆方策
１）施工計画書による安全・品質確保、作業指示及びＫＹシートの確実な運用を行ったうえで、日々の連絡会で情報を共有する。特に特定作業(ｸﾚｰﾝ)においては、計画から変更が出ないよう、入念な計画を練る。
２）工程表、ドキュメントリストを作成し、PJ管理を行う。仕様が確定しているものは早めに発注を行っていく。
３）保全履歴を基に現地調査を徹底し、中期計画の見直しを行う。","◆想定リスク
１）新型コロナの影響（計器の納期遅れ、ベンダー人員確保不能）
２）現地工事期間中、別件の突発時に人員が不足する。
　　またCK-1_OSBLメカランが12月にあり、ｵｰﾊﾞｰﾗｯﾌﾟする時期がある。
◆方策
１）定期的に進捗確認を実施。問題発生時は遅滞なく客先へ報告し、
方策を練る。点検対象計器をメーカに送って工場整備とすることも検討する。（工程を考慮しておく）
　　早め早めの発注で設計・納期に余裕を持たす。
２）Gr.内およびテクノとの協同で工程・人員調整を図り、体制を構築しておく。
","岡部：加藤ｓ、岩崎ｓに3年以内に件名を引き継ぐ。
加藤、岩崎：3年以内に件名単独遂行できるよう、手順・方法を習得する。実務を通じてエンジ業務一連の流れを把握する。定修の計画\x{ff5e}現場管理・検収を一通り実施し、赤穂工場における施工管理方法・手順の理解を深める。
資料からプロセス、フロー等の知識を深める。（全体的な視野で）","工程・ドキュメント管理を確実に行い、計画通りにPJを遂行。

・Teamsを活用し、社内外の調整事をタイムリーに実施でき、
　設計・実施においても後戻り、手直しなく遂行できた。
・予算面でも追加受注分を含めて、計画と大きな差異なく完了できた。
・2022年度は岩崎ｓが現地対応。後進への引継ぎを継続していく。
・ドキュメントの整備・標準化は概ね完了。（過去データも整理）
・今年度から東谷さんへの依頼内容を大幅に縮小。中期計画については、単独で策定中。
・TMQについては、AITより説明を受け、効果的であると考える。
　⇒客先に納めるかAECのツールとするか協議が必要。","無事故・無災害で完工し、ノントラブルでスタートアップを達成。
23年度以降の中期計画策定中。

【要因】
　・客先と打合せ、質疑書でのやりとりを密に行い、
　　設計上の曖昧な点を排除。（後戻り、手直し、ミスを回避できた）
　・テクノ、電気および他業者とも直接現場で錯綜調整を行い、
　　スムーズに工事を進めることができた。
　・既設客先図面の整備および新設工事図面の作成を確実に行い、
　　施工計画書に反映したことで、リスク抽出の詳細化、施工ミスの
　　回避を行うことが出来た。
　・納期に余裕を持たした早めの発注で早期納入を実現。

【反省点】
　現地作業において、ベンダー9社の管理となり、対応に追われたので、
　もっと効率的な作業工程、人員配置を検討する必要がある。","想定リスクを回避し、計画通りに完工。

【要因】
　・計器納期を随時確認し、遅延無く納入することができた。
　・納期に余裕を持たした早めの発注で早期納入を実現。
　・先行工事を実施し、定修工程に余裕を持たせたことで遅れを回避。
　　（セオラスとのラップの影響も回避）
【その他】
　　テクノ、電気との細やかな調整を行い、錯綜作業を回避できた。","岡部：施工計画から若手と共同で作業し、徐々に引継ぎ。
岩崎：施工計画?現場管理、検収作業を実施し、理解を深めた。
　　　　ループチェックは主体的に行動できていた。
加藤：当初は日本海水での作業を考えていたが、セオラス工事を
　　　　完遂させるため、現地入りは見送ることとした。
　　　　⇒来年度以降は、加藤ｓ、岩崎ｓメインで対応する予定。
【客先評価】
・客先アンケートの結果も良好。",要,2022/08/01 0:00:00,2022/10/01 0:00:00,2022/11/01 0:00:00, ,2022/12/01 0:00:00,2023/01/01 0:00:00,2022/08/30 0:00:00,2022/10/12 0:00:00,2022/12/02 0:00:00, ,2022/12/02 0:00:00,2023/01/23 0:00:00, ,0,2051562
2,89011104,323636,2023-02-06T17:02:48+09:00,2023-02-06T17:08:22+09:00,非常に満足,電話応対が丁寧で好感です。,非常に満足,満足,非常に満足,非常に満足,非常に満足,満足,非常に満足,非常に満足,*,非常に満足,非常に満足,*,非常に満足,非常に満足,大体満足,満足,*,なし,1年以内,1年以内,*,ありがとうございます。,2044354,【BS結果報告】製塩工場_高圧配電設備更新（第二期）,(株)日本海水 購買部,"50,000","49,880",K,顧客満足,2021/02/01,2021/12/01,2023/01/31,BWK400 営業第一（大阪駐在),尾崎 文俊,YW7100 電計第一西,吉原 和樹, , , , , , , ,受注(注文書受領),YW7100 計装制御技術西日本（守山）,BWK400 営業第一（大阪駐在),その他,国内,契約先と同じ, ,対象外,調査不要,ＥＩＣＳ事業部,多田 信嗣,計装制御技術部共通,佐藤 弘文,営業統括部（共通）,若林 健, , ,計装制御技術部共通,佐藤 弘文,営業第一（大阪駐在),大澤 剛士, ,請負工事,金額基準,標準案件,EICS／電気/点検、検査,食品, , , ,2023/04/04 0:00:00,多田さん、佐藤弘文さん、植松さん、新保さん、若林さん、尾崎さん、佐藤伸明さん、木下さん、吉原さん、岡部さん、加藤さん、岩崎さん、上野,高圧配電盤更新2期工事,株式会社日本海水　赤穂工場,兵庫県赤穂市加里屋字加藤974,"既設配電盤の老朽化に伴い、更新を行う。
1期工事にて同一場所での更新は完了したが、今回の2期工事にて集約する別箇所の配電盤の設置と電路の構築を行う。
（3期及び4期にて各フィーダーの高圧ケーブルを敷設し、古い配電盤から切り替えを行う。）","?盤設計、製作
?工事設計、施工
　（配電盤搬入据付・電路の構築）
?竣工試験",2023/1/31,上野耕輔（吉原和樹）,"?見積提出時の条件にて製作仕様書を作成し、内容の合意を得る。
それ以外の要求は追加変更指示書を受領し、追加受注とする。
?社内DRの確実な実施。","【目標】
無事故無災害且つオンスケで完遂
【課題】
?高所作業計画
?綿密な停電作業計画
?納期管理
【方策】
?労基届け出の有無の確認（高さ、設置期間）、点検方法の確認、墜落制止用器具の使用基準
?停電作業に向けタイムテーブルを作成し、計画通り実施する。
1期工事での配電盤の点検作業との調整。別途工事との錯綜調整。
?機器ベンダー、工事ベンダーを含んだPJ会議の実施。
（Teamsでの運用？）","【想定リスク】
?配電盤付近の配線ピットが狭く、配線が困難。（配線は3期以降。）
?残件を残さない基本設計
【対応策】
?電路作製工事に合わせ、配線ピットの拡張を検討する。
　 加えてピットの占有率を計算し、問題ないことを確認する。
?基本設計の段階で2期完了後及び配電系統切替後（3,4期まで終了後）の状態を明確にし、過不足の無い工事計画を行う。","個人のJOB遂行目標
１）停電作業の流れをマスターする。
停配電手順書の作成。詳細のタイムスケジュール表（工事以外の作業も含む）の作成。
２）主担当としてプロジェクトの予実管理、スケジュール管理等を行い、プロジェクトマネジメント能力を向上させる。
PJ遂行要領書、エンジニアリングスケジュールの作成・運用。
３）電気エンジニアとしての能力を上げる。
AECでの竣工試験の実施　もしくは　試験ベンダーへの直発注等によって試験内容の理解を深める。","【結果】
?製作（確定）仕様書にて内容の合意を得た。
発注時からの追加変更無し（対客先、対ベンダーともに）。
?DRを実施することで、設計の後戻りや発注漏れなく完了。
【GOOD】
・PJ実行時より工事一括発注や調達ネゴをそのまま利益に上乗せ。
・設計を進めるうえで追加件名（別件として管理）を受注。","【結果】
無事故無災害オンスケにて工事完遂。
【GOOD】
?高所計画については足場にて施工するエリア（フルハーネスの区分）
と高所作業車にて施工するエリアを明確にし、安全に作業を進めること
ができた。
?DRを行い、調査漏れ・設計漏れなし。
今年の停電作業ではノートラブルにて復電まで完了。
昨年度の反省を生かし、停電タイムスケジュールを作成し、
抜けなく作業を行えた。
?納期遅延なし。
Teamsを活用しPJ会議を含めたPJ管理を実施。
【BAD・反省点】
・現地工事管理にはTeamsを未活用。ほぼ書類は手書きのまま。
→今後は現地工事までTeams等活用したい。
・PJ遂行要領書を作成したが、運用しきれなかった。
→Teamsにて管理可能なPJ遂行要領書を作成する。","【結果】
?占有率に問題が無いことを確認した。
また施工性を考慮した盤配列とした。
?将来を考慮した工事計画（電路の拡張や盤配列）を行い、
2022年実施の2期工事の内容を明確にし、2023年実施予定の
3期工事に繋げている。","【結果】
?低配電手順を含んだ詳細の停電工程表を作成し、ノートラブルにて
工事完遂。
?主担当としてエンジニアリングスケジュールを進捗管理し、
利益確保、納期厳守。
?試験については電気工事に含み発注した。
配電盤の竣工試験の内容と要領を理解した。
【感想】
・客先アンケートの結果も良好。
良い関係を築き、今後の仕事に繋げている。
→3/31配電盤更新3期工事受注済み。",要,2022/02/01 0:00:00,2022/04/01 0:00:00,2022/11/01 0:00:00, ,2022/12/01 0:00:00,2023/01/01 0:00:00,2022/02/17 0:00:00,2022/09/05 0:00:00,2022/11/18 0:00:00, ,2022/10/31 0:00:00,2022/12/23 0:00:00, ,0,2044354
3,89140180,323636,2023-02-09T15:26:09+09:00,2023-02-09T15:30:09+09:00,満足,こちらの都合に合わせて対応してくれました。,満足,満足,満足,満足,大体満足,大体満足,満足,満足,*,満足,満足,*,満足,満足,満足,満足,*,未定,1年以内,1年以内,*,引き続きパートナーとして協力をお願いします。,2044354,【BS結果報告】製塩工場_高圧配電設備更新（第二期）,(株)日本海水 購買部,"50,000","49,880",K,顧客満足,2021/02/01,2021/12/01,2023/01/31,BWK400 営業第一（大阪駐在),尾崎 文俊,YW7100 電計第一西,吉原 和樹, , , , , , , ,受注(注文書受領),YW7100 計装制御技術西日本（守山）,BWK400 営業第一（大阪駐在),その他,国内,契約先と同じ, ,対象外,調査不要,ＥＩＣＳ事業部,多田 信嗣,計装制御技術部共通,佐藤 弘文,営業統括部（共通）,若林 健, , ,計装制御技術部共通,佐藤 弘文,営業第一（大阪駐在),大澤 剛士, ,請負工事,金額基準,標準案件,EICS／電気/点検、検査,食品, , , ,2023/04/04 0:00:00,多田さん、佐藤弘文さん、植松さん、新保さん、若林さん、尾崎さん、佐藤伸明さん、木下さん、吉原さん、岡部さん、加藤さん、岩崎さん、上野,高圧配電盤更新2期工事,株式会社日本海水　赤穂工場,兵庫県赤穂市加里屋字加藤974,"既設配電盤の老朽化に伴い、更新を行う。
1期工事にて同一場所での更新は完了したが、今回の2期工事にて集約する別箇所の配電盤の設置と電路の構築を行う。
（3期及び4期にて各フィーダーの高圧ケーブルを敷設し、古い配電盤から切り替えを行う。）","?盤設計、製作
?工事設計、施工
　（配電盤搬入据付・電路の構築）
?竣工試験",2023/1/31,上野耕輔（吉原和樹）,"?見積提出時の条件にて製作仕様書を作成し、内容の合意を得る。
それ以外の要求は追加変更指示書を受領し、追加受注とする。
?社内DRの確実な実施。","【目標】
無事故無災害且つオンスケで完遂
【課題】
?高所作業計画
?綿密な停電作業計画
?納期管理
【方策】
?労基届け出の有無の確認（高さ、設置期間）、点検方法の確認、墜落制止用器具の使用基準
?停電作業に向けタイムテーブルを作成し、計画通り実施する。
1期工事での配電盤の点検作業との調整。別途工事との錯綜調整。
?機器ベンダー、工事ベンダーを含んだPJ会議の実施。
（Teamsでの運用？）","【想定リスク】
?配電盤付近の配線ピットが狭く、配線が困難。（配線は3期以降。）
?残件を残さない基本設計
【対応策】
?電路作製工事に合わせ、配線ピットの拡張を検討する。
　 加えてピットの占有率を計算し、問題ないことを確認する。
?基本設計の段階で2期完了後及び配電系統切替後（3,4期まで終了後）の状態を明確にし、過不足の無い工事計画を行う。","個人のJOB遂行目標
１）停電作業の流れをマスターする。
停配電手順書の作成。詳細のタイムスケジュール表（工事以外の作業も含む）の作成。
２）主担当としてプロジェクトの予実管理、スケジュール管理等を行い、プロジェクトマネジメント能力を向上させる。
PJ遂行要領書、エンジニアリングスケジュールの作成・運用。
３）電気エンジニアとしての能力を上げる。
AECでの竣工試験の実施　もしくは　試験ベンダーへの直発注等によって試験内容の理解を深める。","【結果】
?製作（確定）仕様書にて内容の合意を得た。
発注時からの追加変更無し（対客先、対ベンダーともに）。
?DRを実施することで、設計の後戻りや発注漏れなく完了。
【GOOD】
・PJ実行時より工事一括発注や調達ネゴをそのまま利益に上乗せ。
・設計を進めるうえで追加件名（別件として管理）を受注。","【結果】
無事故無災害オンスケにて工事完遂。
【GOOD】
?高所計画については足場にて施工するエリア（フルハーネスの区分）
と高所作業車にて施工するエリアを明確にし、安全に作業を進めること
ができた。
?DRを行い、調査漏れ・設計漏れなし。
今年の停電作業ではノートラブルにて復電まで完了。
昨年度の反省を生かし、停電タイムスケジュールを作成し、
抜けなく作業を行えた。
?納期遅延なし。
Teamsを活用しPJ会議を含めたPJ管理を実施。
【BAD・反省点】
・現地工事管理にはTeamsを未活用。ほぼ書類は手書きのまま。
→今後は現地工事までTeams等活用したい。
・PJ遂行要領書を作成したが、運用しきれなかった。
→Teamsにて管理可能なPJ遂行要領書を作成する。","【結果】
?占有率に問題が無いことを確認した。
また施工性を考慮した盤配列とした。
?将来を考慮した工事計画（電路の拡張や盤配列）を行い、
2022年実施の2期工事の内容を明確にし、2023年実施予定の
3期工事に繋げている。","【結果】
?低配電手順を含んだ詳細の停電工程表を作成し、ノートラブルにて
工事完遂。
?主担当としてエンジニアリングスケジュールを進捗管理し、
利益確保、納期厳守。
?試験については電気工事に含み発注した。
配電盤の竣工試験の内容と要領を理解した。
【感想】
・客先アンケートの結果も良好。
良い関係を築き、今後の仕事に繋げている。
→3/31配電盤更新3期工事受注済み。",要,2022/02/01 0:00:00,2022/04/01 0:00:00,2022/11/01 0:00:00, ,2022/12/01 0:00:00,2023/01/01 0:00:00,2022/02/17 0:00:00,2022/09/05 0:00:00,2022/11/18 0:00:00, ,2022/10/31 0:00:00,2022/12/23 0:00:00, ,0,2044354
4,89355474,323724,2023-02-15T09:46:33+09:00,2023-03-02T13:04:33+09:00,満足,*,満足,満足,満足,満足,非常に満足,満足,大体満足,大体満足,*,大体満足,どちらでもない,*,満足,満足,どちらでもない,大体満足,*,２年以内,1年以内,1年以内,*,*,2047087,【BS結果報告】セパレータカット機,(株)豊通ﾏｼﾅﾘｰ 本社,"93,560","95,740",K,フォロー,2021/06/08,2021/12/28,2022/12/30,BWK400 営業第一（大阪駐在),大澤 剛士,EW5U00 システム機器部,鈴木 卓朗, , , , , , , ,受注(注文書受領),EW5U00 システム機器部,BWK400 営業第一（大阪駐在),その他,国内,(国内)その他,株式会社豊田自動織機,対象外,調査不要,全社共通(役員),岡田 一郎,プラント事業部（共通,桑原 武,営業統括部（共通）,若林 健,調達部,佐藤 伸明,システム機器部,玉置 久,営業統括部（共通）,若林 健, ,請負工事,金額基準,標準案件,シス機／商品事業,その他製造, , , , , , , , , , , , , , , , , , , , , , , , , , , , , , , , , , , ,2047087
5,89866731,326228,2023-02-27T16:36:09+09:00,2023-11-01T16:08:29+09:00,大体満足,*,大体満足,非常に満足,満足,大体満足,非常に満足,非常に満足,大体満足,非常に満足,*,大体満足,満足,*,非常に満足,非常に満足,大体満足,非常に満足,*,未定,未定,未定,*,*,2049917,【BS結果報告】サンボウル外壁改修、その他工事,(株)新旭ｻｰﾋﾞｽ 本社,"51,200","51,200",K,フォロー,2022/01/10,2022/08/25,2022/12/26,CWK400 営業第二グループ,弓削 希代美,CW5T50 土木建築部,上原 智祥, , , , , , , ,受注(注文書受領),CW5T50 土木建築部,CWK400 営業第二グループ,旭化成連結会社,国内,契約先と同じ, , ,調査不要,プラント事業部（共通,桑原 武,プラント事業部（共通,桑原 武,営業統括部（共通）,若林 健, , ,土木建築部,疋田 幸市,営業第二グループ,松山 毅,"見積提出期日：
客先注番：T10TCUS
客先担当：上杉貴政様
購買担当：山田正弘様",請負工事,金額基準,標準案件,プラント／ＡＫＧｒ向け国内建設業務,建設・建材, , , , , , , , , , , , , , , , , , , , , , , , , , , , , , , , , , , ,2049917
6,90027108,326121,2023-03-03T09:29:06+09:00,2023-03-03T09:32:32+09:00,満足,*,非常に満足,非常に満足,非常に満足,非常に満足,非常に満足,非常に満足,非常に満足,非常に満足,"今回、弊課でも初めてのボイラ定期事業者検査対応ということで、仕様の決定に非常に苦慮しましたが検討段階からご協力頂き何とか定期事業者検査対応を完了することができました。
また、定修内で発生したトラブルについてもメーカーを巻き込み迅速に対応頂けて非常に助かりました。",非常に満足,非常に満足,*,非常に満足,非常に満足,どちらでもない,満足,*,５年以内,２年以内,1年以内,*,*,2049591,【BS結果報告】2022年11月　守山5号CC定修検査工事,旭化成(株) 守山動力課,"53,150","53,150",K,フォロー,2022/06/23,2022/08/09,2023/02/28,BWK400 営業第一（大阪駐在),尾崎 文俊,YW5S20 守山ＡＩＴグループ,藤井 孝太郎, , , , , , , ,受注(注文書受領),YW5S20 守山ＡＩＴグループ,BWK400 営業第一（大阪駐在),旭化成,国内,契約先と同じ, ,対象外,調査不要,プラント事業部（共通,桑原 武,プラントライフ技術部共通,福永 辰也,営業統括部（共通）,若林 健,調達部,佐藤 伸明,守山ＡＩＴグループ,木村 裕一,営業第一（大阪駐在),大澤 剛士,"・断熱作業　有
・断熱作業概算金額：
・電子報告：　",請負工事,金額基準,標準案件,ＰＬ／メンテ／定修工事,電力・ガス, , , ,2023/04/27 0:00:00,福永、佐藤、木村、辰、木下、尾崎、藤井,守山動力課　5号CC定修工事,旭化成　守山設備技術部,滋賀県守山市小島町５１５,"2022年11月　守山製造所　守山動力課
守山動力5号CC設備定修工事
蒸気ﾄﾞﾗﾑ整備、Bo損傷確認検査（信頼性）GC定期整備を実施する。
","?5号ボイラー取替部品消耗材手配
?5号ボイラー定期整備
?5号ボイラー信頼性検査（付帯工事含む）
?5号ボイラー信頼性補修（付帯工事含む）
?5号ガスコン定期整備
?安全管理及び仮設ハウス設置",2023/2/28,藤井　孝太郎,"・5号ボイラー定期事業者検査の計画内容を実施し、検査・整備
　品質を確保する。（異常部の検出提案、補修の実施）
・5号ボイラー定期事業者検査は、計画停止期間内で、適切な
　整備を行い、工程遅れのない施工を実施する。
・ガスコンは、定期整備であるが、定期自主検査要領に沿って、計測器の校正確認を実施する。","?ボイラー定期事業者検査で必要となる検査資料を確認し、測定
　方法や記録書及び校正記録書を安全管理審査前に提出する。
?ガスコン定期整備を満足する：測定器の校正確認の確認を行い、測定部の許容値以内であるか確認する。
?無事故、無災害での完遂：現場での作業調整を行い、現場巡視の頻度を上げて安全を確保する。
?品質確保：検査員へ検査目的を適切に伝え、検査目的に沿った結果を得られるようにする。","・検査目的及び成果物を意識して、検討を進める。
・検出した損傷部の補修方法は、客先と十分に協議した上で補修を客先の判断で決定する。補修ができない場合は、客先と相談して、来期での検討とする。",適切な検査整備の実施と施工品質を確保する,"⇒ボイラー定期事業者検査は、法的な整備実施内容を確認し、ドラム、弁、安全弁の整備を抜けなく実施した。
⇒計画通り実施し、官庁合格しボイラー起動ができた。
⇒測定器の校正確認を事前に行い、測定部の許容値以内であるか確認した.。","?検査内容及び安全管理審査の提出書類（校正記録書など）の必要な書類を事前に準備し、確認を行った。
?通常の定期整備であるが、定期自主検査要領に沿って、計測器の校正確認を実施した。
?統括安全活動にて実施し、特定作業、錯綜作業の調整を行い、無事故・無災害で完遂した。
?検査目的、検査内容等を説明し、検査目的に沿った箇所の検査が実施できた。
","・信頼性検査で抽出した検査箇所や損傷を検出し、損傷管理シートに反映し次回につなげる。
・今回、補修範囲や方法など客先と検討を行い、補修が実施できた。","補修後検査の実施、次回への整備、検査内容を報告書に反映した。
",要,2022/08/01 0:00:00, ,2022/11/01 0:00:00, ,2022/11/01 0:00:00,2022/11/01 0:00:00,2022/09/20 0:00:00, ,2023/01/11 0:00:00, ,2022/10/28 0:00:00,2023/02/28 0:00:00, ,0,2049591
7,90475365,326251,2023-03-15T16:22:50+09:00,2023-03-18T14:47:13+09:00,大体満足,"弊課の要望に迅速に対応いただきました。
見積書の提出や注文決定が若干遅かったため、次回は早めに提出いただけると幸いです。",大体満足,非常に満足,大体満足,非常に満足,非常に満足,大体満足,満足,満足,"停電検査において高品質な施工を実施いただきました。
さらなる向上のため、以下の点を改善頂けると幸いです。
　・施工要領書提出が直前であった。⇒　施工の２週間前までには提出いただく
　・CG点検についての施工手順やスケジュールの打合せができず、前日に急遽施工
　　内容変更が発生した。　
　　　⇒　弊課から申し入れしていたように事前打ち合わせを実施する。
　・総合シーケンス試験手順書を直前まで頂けなかった　
　　　⇒　弊課から申し入れしていたように１週間前には提出してすり合わせを
　　　　　行う。",満足,満足,予定通り提出いただきました。,大体満足,満足,大体満足,満足,"弊課の要求していた資料の事前提出が遅れたこと以外は非常に高品質な対応を実施いただいたと思います。
コストについては他社と比較して高額と感じますが、経費が必要なことは理解しております。",未定,未定,２年以内,"２０２４年度から２０３４年度にかけて順次変電所電気設備の更新工事を実施していく計画です。
第１弾として２０２４年度停電時に１Tr系統メタクラ盤の更新を計画しております。",数名の担当者様がいらっしゃいますが、停電検査に関しての窓口を一本化して頂けると連絡が取りやすく、確実な情報共有ができると思います。,2049372,【BS結果報告】ＡＫ川崎変電所全停電検査診断,旭化成(株) 川崎製造所,"50,610","50,610",K,フォロー,2022/04/01,2022/08/25,2023/01/31,AWK400 営業第一グループ,兒玉 卓,FW7310 テクノＳ東日本Ｇ,壱岐 敏洋, , , , , , , ,受注(注文書受領),FW7310 電気技術東日本（川崎）,AWK400 営業第一グループ,旭化成,国内,契約先と同じ, ,対象外,調査不要,ＥＩＣＳ事業部,多田 信嗣,電気技術部部付,新保 雅之,営業統括部（共通）,若林 健,調達部,佐藤 伸明,電気技術東日本（川崎）,黒沢 祐介,営業第一グループ,増田 秀幸, ,請負工事,金額基準,標準案件,EICS／電気/点検、検査,その他製造, , , , , , , , , , , , , , , , , , , , , , , , , , , , , , , , , , , ,2049372
8,90497290,324564,2023-03-16T08:23:55+09:00,2023-03-16T08:32:23+09:00,満足,*,非常に満足,非常に満足,満足,満足,非常に満足,満足,満足,満足,*,満足,満足,*,満足,満足,大体満足,満足,*,未定,未定,未定,*,*,2044890,【BS結果報告】ＣＵ代替煙突設置,旭化成(株) 千葉工場,"46,729","46,702",K,フォロー,2020/06/16,2022/03/01,2023/01/31,AWK400 営業第一グループ,兒玉 卓,AW4KF1 関東エリア事業ＧＲ,信國 繁男, , , , , , , ,受注(注文書受領),AW4KF1 関東エリア事業ＧＲ,AWK400 営業第一グループ,旭化成,国内,契約先と同じ, ,対象外,調査不要,プラント事業部（共通,桑原 武,プラント事業部（共通,桑原 武,営業統括部（共通）,若林 健,調達部,佐藤 伸明,エリアＰＪ第一部共通,熊谷 郁夫,営業第一グループ,増田 秀幸, ,請負工事,金額基準,標準案件,プラント／ＡＫＧｒ向け国内建設業務,樹脂原料・製品, , , , , , , , , , , , , , , , , , , , , , , , , , , , , , , , , , , ,2044890
9,90535863,325330,2023-03-17T15:54:08+09:00,2023-03-17T18:19:03+09:00,非常に満足,"①急遽、支社の方針で「特定元方」での実施（＝体制の大幅変更）となり、
　御社に「統括安全衛生責任者」を立てて頂けるか 無理な相談をしたにも関わらず、
　柔軟かつ迅速にご対応頂いた。
②前回（2019年全休転）の反省を活かし、
　「前年度に事前見積取得」「前回より約１カ月前倒しで購買依頼～注決」などの
　初の試みを行ったが、そこにも真摯かつ確実にご対応頂いた。",非常に満足,非常に満足,非常に満足,非常に満足,非常に満足,非常に満足,非常に満足,非常に満足,"①まず、組織を率いるトップの方が「本当の意味での工事品質」や「あるべき姿」を
　深く（明確かつとことん具体的に）考えられ、強い想いを持たれている。
　その考え・思いが各現場監督者ならびに点検ベンダーの方々にも伝わっており、
　トータルとして高い工事品質を実現している。
②トラブル（発電機故障、点検での不具合等）が発生した際、
　技術的な見地から迅速に対応頂き、アフターフォローも確実にして頂いた。
③夜間に及んだ検収作業中も、現場監督者の方が妥協せずにしっかり５感を駆使して
　確認し、細かな部分も発見・指摘・修正して頂いた。
④休転期間中、安全パトロールや部場から出てきた指摘がいくつかあったが、
　それを関係者全員で共有し、確実に対応して頂いた。
⑤若い方と経験豊かな方(旭OBの方含む)を一つのグループにしたりと、
　班編成にも工夫して頂き、どの現場も高い工事品質で対応して頂いた。
⑥今回、点検整備における「清掃」のノウハウを動画に撮って残す など、
　次に繋がる準備をして頂いた。",非常に満足,非常に満足,"①御社側から提示して頂いた提出時期を守って頂いた。
②一部、提出時期が遅れるものに対しては、前もってアナウンス頂いた。
　（時期が遅れる理由も、十分に根拠のあるものだった）",非常に満足,非常に満足,非常に満足,非常に満足,"・各現場監督者が有する「技術力」と「感性」
・（旭化成側との密接な打合せ/検討等による）綿密な「計画力」
・（点検ベンダーを含めた）全体をまとめる「統率力」
・（環境の悪い工場の点検整備のような）各現場に適した「作業水準の作り込み力」
・（発電機等の）各部場に適した進め方ができる「適応力」
・（突発故障等）何かあった時の「対応力」
・（実務を完遂しながら点検ベンダーを育てる等の）今後にむけての「基盤構築力」
・請け負った業務を通して若い人財を育成する「視点」と「実行力」
・そういった中でもしっかり保つ「工事品質」
　これらすべてが高水準であるため、「総合力が非常に高い」と判断しています。
　＊これらを同じor近い水準で出来る会社は 他に存在しないと考えます。",1年以内,1年以内,1年以内,多数あるので、別途打合せにてご相談させて下さい。,"このようなフィードバックをされていること自体が素晴らしいと感じます。
これまで、諸先輩方が長い長い時間をかけて築いてきた＜旭とAECとの信頼関係＞を
さらに強固なものにしていきたいと考えております。
旭化成側としても至らない点が多く ご迷惑をおかけすることも多いですが
今後も協力し合い、旭化成Grの生産・研究開発の現場を支え、
「世界の人びとのいのちとくらし」に 一緒に貢献していきたいと考えております。",2049433,【BS結果報告】富士全休転点検（持株）,旭化成(株)  ,"62,625","60,775",K,フォロー,2021/09/01,2022/05/01,2023/01/31,AWK400 営業第一グループ,兒玉 卓,FW7310 テクノＳ東日本Ｇ,比嘉 龍嗣, , , , , , , ,受注(注文書受領),FW7310 電気技術東日本（川崎）,AWK400 営業第一グループ,旭化成,国内,契約先と同じ, ,対象外,調査不要,ＥＩＣＳ事業部,多田 信嗣,電気技術部部付,新保 雅之,営業統括部（共通）,若林 健,調達部,佐藤 伸明,電気技術東日本（川崎）,黒沢 祐介,営業第一グループ,増田 秀幸, ,請負工事,金額基準,標準案件,EICS／電気/点検、検査,その他製造, , , , , , , , , , , , , , , , , , , , , , , , , , , , , , , , , , , ,2049433
10,90813976,326324,2023-03-27T09:27:12+09:00,2023-03-27T09:36:08+09:00,満足,*,満足,大体満足,満足,大体満足,大体満足,多少不満,満足,満足,*,大体満足,非常に満足,*,不満,多少不満,多少不満,どちらでもない,*,1年以内,1年以内,1年以内,*,*,2049600,【BS結果報告】東海　仮設発電設備設置工事,旭化成(株) 延岡 ｾｵﾗｽ製造部,"30,593","30,593",K,フォロー,2022/01/10,2022/09/02,2023/03/31,CWK400 営業第二グループ,笠 実利,CW7310 テクノＳ九州Ｇ,吉田 文彦, , , , , , , ,受注(注文書受領),CW7310 電気技術九州第二,CWK400 営業第二グループ,旭化成,国内,(国内)AKGr,旭化成株式会社 東海地区,対象外,調査不要,ＥＩＣＳ事業部,多田 信嗣,電気技術部部付,新保 雅之,営業統括部（共通）,若林 健, , ,電気技術九州第二,小野 伸二,営業第二グループ,松山 毅, ,請負工事,金額基準,標準案件,EICS／電気/改善、更新エンジ,その他製造, , , ,2023/05/15 0:00:00,多田、渡辺、金口、新保、末永、黒沢、小野、吉田,仮設発電設備設置工事,旭化成／生産技術本部／設備技術センター／ 延岡設備技術総部／延岡第一設備技術部／第一電気技術課,旭化成　東海工場,岡富?東海特高架線鉄塔更新に伴う、東海工場停電時の仮設発電機設置工事である。,仮設発電機設置、撤去14台、発電機?L/C間のケーブル敷設、接続ケーブル類の購入、工事後納品,2023/3/31,吉田,事前調査、計画に抜けが無いよう検相、発電機設置場所、重量物搬入出、雨天養生施工法を施工計画に確実に反映させ、ミスのない配電立ち上げを行う。,1）搬入出、据付時の重量物作業は場内ルート、高さ上限、据付位置、接続箇所、敷設ルートを事前に確認し計画書に反映させる。2）検相、電圧確認、逆送電及び雨養生を行い、安全性の確保に抜けがないよう過去トラブル復習を行う。　　　　　　　　　　　　　　　　3)若手の育成も含めた組織を組む。,"1）設置後に消防からの不備の是正が入る。
設置計画段階で消防法を遵守したものを作成し計画通りの施工を実施する（発電機間、建造物との離隔距離）
",運転及び燃料管理は、客先範疇である。,"事前の現場調査及び計画を入念に行い、予定通作業を遂行した。
仮設対象変更による追加作業有り。
","1)計画書を詳細に作成し、特に接続作業においては、検相電圧確認箇所、接続方法、端子サイズを明確にして、問題なく達成できた。
2)発電機の三相と単相での、接続位置・切替SWをダブルチェックして電圧・検相間違えがないようにした。
3)若手を計画から報告までチームに入れ、育成を行った。",1)発電機離隔、表示は問題なかったが、リース品が事前申請と違う型式機が届いた。現地で表示変更し消防申請を通した。, ,要,2022/04/01 0:00:00,2022/08/01 0:00:00,2022/12/01 0:00:00, , , , , , , , , , ,0,2049600
11,90821589,318761,2023-03-27T15:16:49+09:00,2023-03-27T15:24:05+09:00,該当せず,*,該当せず,満足,大体満足,満足,大体満足,大体満足,満足,満足,*,大体満足,満足,*,大体満足,大体満足,どちらでもない,満足,*,５年以内,未定,５年以内,*,開発要素の多い難しい装置を無事立ち上げることができました。感謝申し上げます。他社への技術流出防止の為に、これからも同様の装置が複数あると思いますので、よろしくお願いいたします,2028839,【BS結果報告】新規ラミネータパイロット設備,旭化成(株) 川崎 交換膜事業部,"97,633","89,908",K,フォロー(追加有),2020/07/01,2020/08/28,2022/06/30,AWK400 営業第一グループ,兒玉 卓,EW5U00 システム機器部,奥野 健二郎, , , , , , , ,受注(注文書受領),EW5U00 システム機器部,AWK400 営業第一グループ,旭化成,国内,契約先と同じ, ,対象外,調査不要,プラント事業部（共通,桑原 武,プラント事業部（共通,桑原 武,営業統括部（共通）,若林 健, , ,システム機器部,玉置 久,営業第一グループ,増田 秀幸, ,請負工事,金額基準,標準案件,シス機／商品事業,その他化学品, , , ,2023/04/19 0:00:00,桑原、佐藤（調達）、宮下、若林、辰、園田、玉置、山田、栗間、栗原,新規ラミネータパイロット設備,旭化成株式会社　交換膜事業部,川崎製造所　柵内,１）加熱ドラム構造革新　　?@誘導加熱、?Aサクション　　?B表面微細凹凸　の実現２）４層のフィルムラミネート３）ライン制御,１）機械／電装設計・製作２）メーカー試運転３）現地工事SV４）メカラン（空運転）,2021/4/15,奥野→栗原,"1)品質
　客先との仕様確認を確実に行い、設計漏れをなくす。

2）納期・コスト
　客先との仕様確認、ベンダーの製作管理を確実に行う。","1）2020年度ISO9001品質目標を達成する。
2）装置品質確保
　・ドラム内製化の管理徹底。
　・機能、性能漏れがないよう、設計レビューを確実に行う。
　・作業性、メンテ性もUserFriendlyな設計となるよう、構想提案、客先とからの意見収集、設計への実現を行う。
3）納期遵守
　・工程管理の徹底。客先、ベンダーとこまめな情報共有（進捗、課題他）。関係各社の動きに気を配り、懸念事項には早めに対応する。
4）コスト
　・オーバースペックないか、レビューを綿密に行い、コストダウンを図る。",１）設計、仕様変更箇所において、設計ミスや性能不具合が発生する→こまめな設計レビューを行う。変更履歴をドキュメントで残し、認識齟齬をなくす。２）設備内製化に伴い製作部品のコストが想定以上に高くなる→部品コストに関してもこまめな設計レビューで最適構造を考える。,"ウェブハンドリングは問題なくQCD達成したが、加熱ドラム周りで苦戦した。
トラブルの対応はその時点での最善の対応を行ったが、設計段階で詳細構造や設計計算の精度が不足していたことも原因であった。設計品質を向上させる必要があり、組織としての能力向上とチェック体制の強化が課題である。",以下のためQCDが悪化した。・設計不具合発生・東園ドラム不具合発生（加熱不足、絶縁不良）・加熱ドラム回転機構の不具合発生,"・品質確保
  加熱ドラム以外はほぼ問題なく予定通り品質確保できた。
東園ロールの加熱ドラムは不具合対応後も安定運用は困難と判断し国内メーカで実績のあるトクデン製に変更した。カスタム品のためメーカの技術力が大きく影響した。
設計レビューにては判断が難しかった。
　作業性は客先と協議して装置構成を決定した。
・納期
　工程管理の徹底したが、不具合対応のため大きく遅延したが、
　関係者と協議しながら可能な限りは迅速に対応した。
・コスト
　不具合対応のためコストアップになった。不具合対応は長期運用を
　考慮して必要な対応は確実に対応したが、最低限のレベルで実施した。","部内の知見反映や客先確認を行いながら進行できた。ウェブハンドリングは大きな問題なく、ベンダー管理も問題なく進行できた。
しかし、特にドラムの加熱と回転関連に想定外のトラブルが発生し、
コスト増大と納期遅延になった。
ドラム回転機構不具合対応・設計不具合対応　-8M\、ドラム不具合対応（現地工事前まで）-7M\、ドラム交換（絶縁不良）-3M\、ドラム再製作 -13M\","ベンダー実力評価は慎重に検討する
設計品質はDR等の効果的運用を検討する",要,2020/09/01 0:00:00,2020/10/01 0:00:00, , ,2020/10/01 0:00:00,2021/09/01 0:00:00,2020/09/30 0:00:00,2020/10/31 0:00:00, , ,2020/10/31 0:00:00,2022/03/31 0:00:00, ,0,2028839
12,90996735,325711,2023-03-30T08:50:14+09:00,2023-03-30T10:08:47+09:00,満足,*,非常に満足,非常に満足,非常に満足,非常に満足,非常に満足,非常に満足,非常に満足,非常に満足,非常に細やかなところまで管理いただき、安全面・品質面ともに安心して工事を任せることができました。,非常に満足,どちらでもない,完成図書についてはまだ未受領なため「どちらでもない」としています。,非常に満足,非常に満足,満足,非常に満足,*,未定,５年以内,５年以内,引き続き電解枠更新によるシステム変更を2025年度に予定しています。その時も貴社へ依頼したいと思いますのでよろしくお願いいたします。,*,2048149,【BS結果報告】R-203A電解枠更新工事,日本軽金属(株) 本社,"97,000","97,000",K,顧客満足(追加有),2021/10/21,2022/06/28,2023/03/31,AWK400 営業第一グループ,辰 雅俊,AW8020 膜環境技術GR,浅井 伸介, , , , , , , ,受注(注文書受領),AW8020 電解技術グループ,AWK400 営業第一グループ,その他,国内,契約先と同じ, ,対象外,調査不要,プラント事業部（共通,桑原 武,プラント事業部（共通,桑原 武,営業統括部（共通）,若林 健,調達部,佐藤 伸明,工事統括部共通,野見山 茂治,営業第一グループ,増田 秀幸, ,請負工事,金額基準,標準案件,環境／膜システム,その他化学品, , , ,2023/05/11 0:00:00,若林さん、佐藤さん、杉本さん、渡辺さん、野見山さん、杉浦さん、（桑原さんはBSでご確認頂く）,ML-26 R203A 電解槽更新工事,日本軽金属株式会社,静岡県静岡市,既設電解槽１槽をFC⇒NCHに更新に伴う、基本設計、電解槽更新関連工事一式,設計、調達及び機械工事一式既設電解枠、配管類撤去サブヘッダー更新計装品更新,2023/3/31,浅井伸介,"1.調達部と協力し機器、工事の価格交渉を緊密に進める 
2.手戻りが発生しないよう、条件確定に注力する","１．顧客満足の向上
?運転中工事の安全対策徹底及び休転工事期間厳守
?施工要領を施工業者と充分に検討し工期を確保する
?客先要望事項は、早期に対応可否を検討し設計の手戻りが発生しないようにする
２．設計基盤強化
?常にメンバー全員に最新版を配布、ダブルチェック体制を築く。
３．工事安全品質の向上
?施工要領書通りの施工であることを確認し、記録に残す","'1.　納期管理'
配管材料を9月初旬に手配し12月工事を実施、年明けからプレファブを実施する
２．短期間工事
'施工手順について工事業者と対面打合せを実施し、内容を十分に検討し、'施工要領書に反映させる","'１．休転工事内容・作業手順を充分に確認する
'２．現地工事は、安全面、健康面に配慮した体制とする","調達における購入価格低減
追加防止努力による予備費の未消化","無事故、工期達成
設計手戻りなし
施工要領書を遵守した工事","プレファブ配管の納期管理を計画通り実施
施工手順を要領書で明確にすることで工期達成
", ,要,2022/07/01 0:00:00,2022/08/01 0:00:00,2022/11/01 0:00:00, ,2022/08/01 0:00:00,2023/03/01 0:00:00,2022/09/07 0:00:00,2022/09/07 0:00:00,2022/10/05 0:00:00, ,2022/09/07 0:00:00,2023/03/23 0:00:00, ,0,2048149
13,91014218,321765,2023-03-30T19:21:14+09:00,2023-04-07T10:06:25+09:00,満足,"・いつもレスポンス早くご対応頂けるため。
・知識、経験共に豊富で大変助かっているため。",満足,満足,満足,満足,満足,満足,満足,満足,*,満足,満足,*,満足,満足,満足,満足,*,1年以内,1年以内,1年以内,*,*,2046042,【BS結果報告】無線ネットワーク型設備診断システムニアライン,西華産業(株) 本社,"18,480","19,380",K,フォロー,2020/12/15,2021/06/16,2022/12/31,FW5S20 川崎ＡＩＴグループ,黒澤 義之,FW5S20 川崎ＡＩＴグループ,谷口 優哉, , , , , , , ,受注(注文書受領),FW5S20 川崎ＡＩＴグループ,AWK400 営業第一グループ,その他,国内,(国内)その他,昭和電工マテリアルズ, ,調査不要,プラント事業部（共通,桑原 武,プラントライフ技術部共通,福永 辰也,営業統括部（共通）,若林 健,調達部,佐藤 伸明,川崎ＡＩＴグループ,木浦 政詞,営業第一グループ,増田 秀幸, ,請負工事,金額基準,標準案件,ＰＬ／ＭＤ／ニアライン,樹脂原料・製品, , , ,2023/02/27 0:00:00,福永、若林、増田、黒澤、佐藤(伸）、木下、谷口（敬称略）,無線ネットワーク型設備診断システムニアライン,西華産業 株式会社 ,昭和電工マテリアルズ　五井事業所,・昭和電工マテリアルズ　五井事業所　にて設置されている重要回転機器である真空ポンプ、撹拌機、送液ポンプの突発故障を防ぐ為、ニアラインシステムを導入する。,"1）ニアラインシステムの納入、設置　
2）データベースの作成。（基準値設定）
3）納入説明（取り扱い説明）。
4）振動診断の座学講座（基本的な内容）。
5）完成図書作成。
6）現地設置作業については、定修中の機器停止期間に実施し、施工を完了すること。（8/7?15）

【追加】
7）MD-320の納入",2021/12/10,谷口　優哉,"・センサ設置個数が多く、また、客先指定の定修期間中設置作業を完遂させる為、短期間に集中して人数をかけて、効率良く作業を進める。
・作業人員に関しては、本作業に慣れているAEC社員（派遣社員含む）で実施する。","JOB遂行目標
１．事前準備・確認の徹底　２．日々の連絡調整　３．作業開始前のKY実施

課題
・慣れない他社かつ定修工事中での設置作業となる為、他工事との錯綜に十分に注意し、安全作業を確保すること。

その達成の方策
（品質）
・関係先との連携・打合せを密にして、相互の認識の齟齬を防止する。
・客先、施工会社との調整事項については、文書で行い、その文書を残す。
・現場の事前確認、必要資材の準備を早い段階から、確実に実施する。

（安全）
・安全、品質、工程確保のための、客先-AEC?施工会社の日々の調整、連絡を実施する。
・現場作業前には、KYと対策を実施する。","（リスク）
・工程遅れによる設置作業の未完了。
（対策）
・事前の現場確認により、機器設置箇所やケーブル動線等を顧客と相談し、作業前に了承を得る。
・工期が限られている為、作業に慣れている人員を選定したうえで、作業人員を増員する。
・錯綜作業については事前に内容を確認し、錯綜しないように調整する。
・日々の進捗をメンバーで共有及び進捗を確認し、工程管理を行う。
・日々の現場での錯綜調整を確実に行う。", ,"・実行予算との差異については、旅費と消耗材費が計画より、増加しているが、概ね計画通りに業務を完遂。
・追加作業としては、SUSカバーの取付が発生しているが、SUSカバーの製作費については、客先である西華産業にて手配頂いた為、AECとしての追加はなし。
・防爆ニアライン対応（センサやケーブルの撤去、再設置、ポータブルによる定期測定）については、本件に含んでおらず、防爆ニアライン対応費用として、処理している。
・工程としては、防爆ニアライントラブルが発生してしまった為、客先と相談し、納期を1年延長して頂いた。
","1.作業前に事前の現場確認を実施し、作業分担を決め、スムーズに作業出来るように準備を行った。
2.客先と連絡・相談をしながら、他工事の状況を確認し、錯綜しないように調整しながら、作業を実施した。
3.作業前には作業員全員でKYを実施し、ミーテイングで客先含め、内容の確認と特に注意が必要な事項について共有と確認を実施した。

特に、今回の作業においては、工程が短かった（4日）為、人員を増員し、作業にあたったが、効率的な作業となるように事前説明をしっかりと行い、役割分担をよく検討し作業にあたった。","・社外の慣れないプラントかつ客先特有のルールでの作業となる為、不明点や疑問点が発生した際には、客先に確認・相談しながら、作業に取り組んだ。
・工程については、人員を増員し、役割分担を明確にすることで対応した。
・設置の手直し等については、現場確認の際と作業が早い段階で客先に確認を取り、手直しが発生しないように対応した。
・SUSカバーにより無線が通らなくなる可能性があった為、事前に試作品を製作し、実機を入れて通信テストを行ってから、現場への導入を実施した。", ,要,2021/07/01 0:00:00,2021/07/01 0:00:00,2021/08/01 0:00:00, ,2021/08/01 0:00:00,2021/12/01 0:00:00,2021/07/30 0:00:00,2021/07/30 0:00:00,2021/08/12 0:00:00, ,2022/08/30 0:00:00,2022/12/29 0:00:00, ,0,2046042
14,91245504,327678,2023-04-03T14:08:31+09:00,2023-04-03T14:16:07+09:00,満足,*,満足,大体満足,満足,非常に満足,非常に満足,非常に満足,満足,満足,*,満足,大体満足,*,満足,満足,大体満足,満足,*,５年以内,なし,1年以内,*,設備の増設・施工範囲の拡大により、これまで以上に負担を掛けてしまいますが、排ガスボイラーは守山地区でも最重要機器となるため、今後も安定稼働継続にご助力下さい。,2049593,【BS結果報告】2023年2月　守山6号ボイラー定修工事,旭化成(株) 守山動力課,"22,000","22,000",K,フォロー,2022/11/21,2023/01/23,2023/03/31,BWK400 営業第一（大阪駐在),尾崎 文俊,YW5S20 守山ＡＩＴグループ,浅野 圭佑, , , , , , , ,受注(注文書受領),YW5S20 守山ＡＩＴグループ,BWK400 営業第一（大阪駐在),旭化成,国内,契約先と同じ, ,対象外,調査不要,プラント事業部（共通,桑原 武,プラントライフ技術部共通,福永 辰也,営業統括部（共通）,若林 健,調達部,佐藤 伸明,守山ＡＩＴグループ,木村 裕一,営業第一（大阪駐在),大澤 剛士,"・断熱作業　有
・断熱作業概算金額：
・電子報告：　",請負工事,金額基準,標準案件,ＰＬ／メンテ／定修工事,電力・ガス, , , ,2023/05/26 0:00:00,福永、若林、辰、尾崎、佐藤、木下、木村、藤井、浅野,2023年2月　守山6号ボイラー定修工事,旭化成（株）　守山製造所　守山設備技術部,滋賀県守山市小島町515,"2023年2月　守山製造所　守山動力課
守山動力6号設備の定修工事
ドラム・ボイラー損傷確認検査（信頼性）
ガスコン定期整備を実施する。","1）6号ボイラー定期整備
2）6号ボイラー信頼性検査
3）6号ガスコン定期整備
4）定修安全管理",2023/3/31,浅野　圭佑,"・6号ボイラー定期整備は、初回であり、
　法規的な実施内容を抜けなく計画に
　反映し、品質を確保する。
・ボイラー官検に合格し、工程通りに
　ボイラーが起動できる抜けのない
　施工計画をする。
・ガスコンは、初回の定期整備であるが、
　定期自主検査要領に沿って、計測器
　の校正確認を実施する。","?官検に合格する：ボイラー定期整備で
　　実施する法定検査の内容を確認し、
　　測定方法や記録書及び校正記録を
　　準備する。
?ガスコン定期整備を満足する：測定器の
　　校正記録の確認を行い、測定部の
　　許容値以内であるか確認する。
?無事故、無災害での完遂：事前に
　　錯綜会議で他社との作業調整を 行うと
　　ともに、現場巡視による安全の確認・
　　指導を実施する。
?品質確保：検査員へ検査目的（他号機
　　の事例等）を伝え、検査目的に沿った
　　結果を得られるようにする。
   ※初回検査の為、製作時の欠陥有無を
　　　確認する。","・検査目的及び成果物を意識して、検討を
　進める。
・損傷を検出した場合は、客先と十分に
　協議した上で客先の　判断にて補修を
　決定する。定修期間中に補修ができない
　場合は、客先と相談して来期での実施を
　検討とする。
　（工期延長ができない・早期対応不要の
　　不具合等）",適切な検査整備の実施と施工品質を確保する,"⇒ボイラー整備は、他号機の事例も反映し、
　法的な整備実施内容を確認し、ドラム、
　弁、安全弁の整備を抜けなく実施した。
⇒計画通り施工。官庁に合格し問題なく
　ボイラー起動できた。
⇒測定器の校正記録を事前に入手し、
　測定部の許容値以内であるか確認した","?検査内容及び安全管理審査の提出書類
　（校正記録書など）の必要な書類を事前に
　準備し、確認を行った。
?初回の定期整備であり、定期自主検査
　要領に沿って、計測器の校正確認を実施
　した。
?統括安全活動にて実施し、特定作業、
　錯綜作業の調整を行い、無事故・無災害
　で完遂した。
?検査目的、検査内容等を説明し、検査
　目的に沿った箇所の検査が実施できた。
（製作時の欠陥は見られず）","・他号機での損傷事例等も含めた、6号の
　損傷管理シートを作成し、今後の管理に
　活かす。
・今回、損傷の可能性が考えられる箇所の
　抽出および追加工事を検討し、損傷状況
　の確認ができた。", ,要,2023/01/01 0:00:00, ,2023/02/01 0:00:00, ,2023/01/01 0:00:00,2023/02/01 0:00:00,2023/01/27 0:00:00, ,2023/02/06 0:00:00, ,2023/02/06 0:00:00,2023/03/10 0:00:00, ,0,2049593
15,91252504,327226,2023-04-03T14:29:32+09:00,2023-04-03T14:30:54+09:00,非常に満足,*,非常に満足,非常に満足,非常に満足,非常に満足,非常に満足,非常に満足,非常に満足,非常に満足,*,非常に満足,非常に満足,*,非常に満足,非常に満足,満足,非常に満足,*,未定,未定,1年以内,*,*,2049809,【BS結果報告】2022年度定修電気（製塩+バイオ+追加工事）,(株)日本海水 購買部,"26,631","26,631",K,フォロー,2022/08/01,2022/11/21,2023/03/31,BWK400 営業第一（大阪駐在),尾崎 文俊,MW7310 テクノＳ西日本Ｇ,壱岐 祐典, , , , , , , ,受注(注文書受領),MW7310 電気技術西日本（水島）,BWK400 営業第一（大阪駐在),その他,国内,契約先と同じ, ,対象外,調査不要,ＥＩＣＳ事業部,多田 信嗣,電気技術部部付,新保 雅之,営業統括部（共通）,若林 健, , ,電気技術部部付,新保 雅之,営業第一（大阪駐在),大澤 剛士, ,請負工事,金額基準,標準案件,EICS／電気/点検、検査,食品, ,対象,2044115.0, , , , , , , , , , , , , , , , , , , , , , , , , , , , , , , , ,2049809
16,91401517,326464,2023-04-04T16:05:12+09:00,2023-04-04T16:16:28+09:00,大体満足,特に本案件について営業担当と直接対応していない。特段の不備は無かった。,満足,満足,満足,満足,満足,満足,満足,満足,現地での突発異常対応や管理する姿勢を見てそう感じた,満足,満足,納期遅延なく対応して頂いた,どちらでもない,どちらでもない,どちらでもない,どちらでもない,他者の実力を知らないのでよくわからない,未定,1年以内,1年以内,"2023/9-10定期修繕
2023年度中配管改造","今回の定修においては現地対応含め満足できるものと感じています。
今後も同等以上の品質の確保をお願いいたします",2052879,【BS結果報告】浪江大型水電解装置定修（2022年度）,旭化成(株) 環境ｿﾘｭｰｼｮﾝ事業本部,"29,900","29,900",K,フォロー,2022/07/01,2022/09/16,2023/03/31,AWK400 営業第一グループ,辰 雅俊,CW5T10 延岡AITグループ,岩崎 俊二, , , , , , , ,受注(注文書受領),CW5T10 延岡AITグループ,AWK400 営業第一グループ,旭化成,国内,契約先と同じ, ,対象外,調査不要,プラント事業部（共通,桑原 武,プラントライフ技術部共通,福永 辰也,営業統括部（共通）,若林 健,調達部,佐藤 伸明,プラントライフ技術部共通,福永 辰也,営業第一グループ,増田 秀幸,浪江における大型水電解装置の定修。断熱材、ガスケット取扱いあり。電子申請対象外。,請負工事,金額基準,標準案件,環境／その他設備,その他製造, , , , , , , , , , , , , , , , , , , , , , , , , , , , , , , , , , , ,2052879
17,91407349,327226,2023-04-04T17:13:39+09:00,2023-04-04T17:15:15+09:00,非常に満足,*,非常に満足,非常に満足,非常に満足,非常に満足,非常に満足,非常に満足,非常に満足,非常に満足,*,非常に満足,満足,*,非常に満足,非常に満足,大体満足,満足,*,未定,未定,1年以内,*,*,2049809,【BS結果報告】2022年度定修電気（製塩+バイオ+追加工事）,(株)日本海水 購買部,"26,631","26,631",K,フォロー,2022/08/01,2022/11/21,2023/03/31,BWK400 営業第一（大阪駐在),尾崎 文俊,MW7310 テクノＳ西日本Ｇ,壱岐 祐典, , , , , , , ,受注(注文書受領),MW7310 電気技術西日本（水島）,BWK400 営業第一（大阪駐在),その他,国内,契約先と同じ, ,対象外,調査不要,ＥＩＣＳ事業部,多田 信嗣,電気技術部部付,新保 雅之,営業統括部（共通）,若林 健, , ,電気技術部部付,新保 雅之,営業第一（大阪駐在),大澤 剛士, ,請負工事,金額基準,標準案件,EICS／電気/点検、検査,食品, ,対象,2044115.0, , , , , , , , , , , , , , , , , , , , , , , , , , , , , , , , ,2049809
18,91483491,327525,2023-04-05T16:59:18+09:00,2023-05-18T09:20:15+09:00,非常に満足,工事担当の方との対応でしたが、速やかに対応していただき満足しています。,該当せず,満足,非常に満足,大体満足,大体満足,どちらでもない,満足,満足,*,非常に満足,満足,毎日の調整等において細かいことにおいても連絡をしてもらい満足しています。,満足,大体満足,多少不満,どちらでもない,今回は初めての対応なため、評価はしづらいが、工事管理としてコストは高いと感じる。,*,*,２年以内,*,*,2053211,【BS結果報告】梁崎発電所水車分解整備,旭化成(株) 延岡 動力部,"17,200","17,200",K,フォロー,2022/08/01,2022/12/27,2023/03/30,CWK400 営業第二グループ,笠 実利,CW5T10 延岡AITグループ,岩崎 俊二, , , , , , , ,受注(注文書受領),CW5T10 延岡AITグループ,CWK400 営業第二グループ,旭化成,国内,(国内)AKGr,旭化成株式会社 梁崎発電所,対象外,調査不要,プラント事業部（共通,桑原 武,プラントライフ技術部共通,福永 辰也,営業統括部（共通）,若林 健,調達部, ,延岡AITグループ,富田 英二,営業第二グループ,松山 毅,断熱材、ガスケット取扱いなし。,請負工事,金額基準,標準案件,ＰＬ／メンテ／改善エンジ,電力・ガス, , , , , , , , , , , , , , , , , , , , , , , , , , , , , , , , , , , ,2053211
19,91524004,324155,2023-04-06T09:07:13+09:00,2023-04-06T09:35:08+09:00,大体満足,*,大体満足,大体満足,大体満足,大体満足,大体満足,多少不満,大体満足,不満,"ベンダーの管理対応：ハード系のトラブルがなかなか解消しない
成果物の品質：ソフトの不具合が多い印象
　　　　　　　但し、対応が早いのは良い",大体満足,満足,*,大体満足,多少不満,大体満足,どちらでもない,問題点の解決力：ソフトの不具合対応で改修ソフトを実装したが、それが原因で他で不具合が発生することがあった。,1年以内,1年以内,未定,*,*,2044329,【BS結果報告】【DIC千葉】007-1 Ｌ現場手仕込管理システム導入,DIC(株) 本社,"48,700","48,700",K,フォロー,2020/12/24,2022/02/17,2023/03/31,AWK400 営業第一グループ,辰 雅俊,MY8X00 生産情報技術部西日本G,小若 寛明, , , , , , , ,受注(注文書受領),MY8X00 生産情報技術部西日本G,AWK400 営業第一グループ,その他,国内,契約先と同じ, ,対象外,調査不要,ＥＩＣＳ事業部,多田 信嗣,生産情報技術共通,渡部 剛久,営業統括部（共通）,若林 健,調達部,佐藤 伸明,生産情報技術部西日本G,加藤 隆宣,営業第一グループ,増田 秀幸,"j受注分割
情報＝23,160K\
電計＝17,604K\
防爆＝　3,936K\",請負工事,金額基準,標準案件,EICS／MES領域案件,その他製造, , , ,2023/09/21 0:00:00,多田ｓ、中本ｓ、合田ｓ、渡部ｓ、加藤ｓ、瀧元ｓ、佐藤ｓ、植松ｓ、横山淳一ｓ、加藤一優ｓ、佐藤伸明ｓ、若林ｓ、辰ｓ、木下冴子ｓ、内山ｓ、松田ｓ、小若,【DIC千葉】007-1 Ｌ現場手仕込管理システム導入, DIC 株式会社 本社,DIC千葉工場　Ｌ現場,"DIC堺工場に導入した、手仕込管理システムを横展開し、手仕込における計量／仕込について、システムより作業指示、エラーチェックを行うことで一人作業での誤計量誤投入を撲滅します。
","・機器、ソフト購入
・盤設計、製作
・上位システム、PLCソフト構築
・試運転立会い
※工事、既設DCS改造は客先所掌
 商業立ち合いは受注外だが実施する",2023/3/31,小若,"?仕様書充実による追加費用の明確化
・フェーズ毎に仕様書レビューを実施し、仕様を確実に確定する
・契約時の条件範囲内かを確認しながら作業を進める
・追加発生時に都度、追加変更指示書等の文書にて実施範囲を決定する
?今後の千葉工場内の、別現場でも使えるように機能追加を検討する
?コストの削減
・堺工場で作成したソフトや技術ノウハウを活かし、設計工数の削減を行う。
・盤設計製作に関しては3社競争としコストの削減を行う
・見積想定外の会議や現場確認はTeamsやウェアラブルカメラを有効活用し、旅費交通費を削減する。","?仕様書充実による追加費用の明確化
・フェーズ毎に仕様書レビューを実施し、仕様を確実に確定する
・契約時の条件範囲内かを確認しながら作業を進める
・追加発生時に都度、追加変更指示書等の文書にて実施範囲を決定する
?今後の千葉工場内の、別現場でも使えるように機能追加を検討する
?コストの削減
・堺工場で作成したソフトや技術ノウハウを活かし、設計工数の削減を行う。
・盤設計製作に関しては3社競争としコストの削減を行う
・見積想定外の会議や現場確認はTeamsやウェアラブルカメラを有効活用し、旅費交通費を削減する。","○想定リスク
１．半導体不足による、購入品の納期が未確定による納期延長
２．工事が客先所掌であるため、やり取りを密に行わなければ、計量器・防爆APの設置位置が想定と変わり、ケーブル長不足や、電波強度不足が発生する。
○対応策
１．承認後の発注なので、納入スケジュールについては協議の上、行う。
２．客先構内ベンダー栗原工業との打合せの場を設定して貰い、工事仕様について早めに確定させる。また、防爆Grに電波強度調査を依頼し、設置位置・台数を明確にしておく。",佐藤（圭）sが誤投入防止・工程管理システム横展開のためのノウハウをものにする。,"?追加については要件定義から実現可能か設計して、要件定義書に承認をいただいてから見積もりを行い進めることが出来ました。
?MCISは各現場毎に、設定ファイルで機能切替が可能なつくりにしました。
?-1.（計装）PLCは、ファンクションブロックで計量器の台数分回路を作る仕組みが確立されているので構築の工数が削減出来た。
（情報）急遽、体制変更など有りコスト削減までは出来ませんでしたが、追加受注も有り予算通り１０％の利益をあげることが出来ました。
?-2.3社競争を行い、当初予算1,500k\から1,200k\まで削減できた。
?-3.メールは使わず、社外Teamsで情報共有やファイルやり取り、課題管理を行い以降のDIC案件でも、連絡方法として引き継がれています。","前回の堺A現場の反省点（無線の接続不良や計量器指示部の高さ）を改善したが、新たに計量器関連（新光電子、MOXA）の課題が複数発生した。

１．計量器関係
　◆事象
　　１）無線接続確立時に電源が落ちる。
　　２）電源ＯＮ後、ゼロ表示がされない。
　　３）計量物を置く位置で値が違う。
　◆メーカー要因
　　１）WiFi通信確立時のノイズで落ちていた。⇒全計量器F/W入替で解決
　　２）センサーの発信不良（初期不良）⇒持ち帰り部品交換
　◆客先要因
　　３）フレームの歪み（衝突痕あり）⇒修理
　◆今後への活かし（反省）
　　新光電子の営業へ状況連絡し、現地対応をお願いしていたが解決できず、
　　サービスマンを派遣してもらった所、類似事例があったことが判明し、上記のF/W
　　入替えで解決することが判明。次回トラブル発生時は営業ではなく、サービスマン
　　の派遣を検討する。

２．MOXA機器（EXWPS-2）のトラブル
　　◆事象
　　　１）盤⇔EXWPS間通信において、EXWPS側の電源を落とし、別の場所で電源を
　　　　 入れると通信不能となる。
　　◆原因
　　　キープアライブ機能（デフォルト７分）が設定されていた為、電源を切ったときの
　　　接続情報が維持されたままになり別の場所からの通信が出来なくなっていた。
　　　→上記機能を１分に変更し、問題なく通信できるようになった。
　　　　（堺A現場導入時には無いパラメータだった。）","１．機器納期については、盤メーカーの在庫確認しておいたことで納期延長は発生しませんでした。
２．無線AP（Cisco）はNTTコミュニケーションズ様の導入になったので、移行前に通信テストを行ったことで問題なく接続ができた。","◆生産情報
　佐藤（圭）sは、ＰＪを途中で抜けたがMCISを通じて機器発注や要件定義
　での機能追加の理解は出来たと思います。

◆計装制御
　堺Ａ現場、千葉Ｌ現場を通してきて、ある程度の雛形を作り上げ、若手へ
　の引継ぎの体制を整えることができた。",要,2022/06/01 0:00:00, , , , , ,2022/08/23 0:00:00, , , , , , ,0,2044329
20,91532022,322145,2023-04-06T11:42:07+09:00,2023-04-06T14:15:45+09:00,満足,依頼させていただいた内容について、早い対応を行ってもらえました。,非常に満足,非常に満足,満足,非常に満足,非常に満足,満足,非常に満足,非常に満足,"設計ではAECさんの広い経験・知見から、さまざまな提案をしていただけました。
工事監理でもこちらの要望を汲み取り、施工業者さんへの指示などを行っていただけました。",非常に満足,非常に満足,コロナ対応など難しい現場管理の中、即時に報告いただくことができ、工程も遅れることなく進めることができました。,非常に満足,非常に満足,大体満足,非常に満足,こちらからの要望（中には無理を承知でお願いすることも）の意図をくみ取ってもらい、さらに良い提案や妥協点を見出してもらなどの対応をいただいたので、大変満足できるものでした。,未定,未定,未定,*,*,2044331,【BS結果報告】ＳＣ１・２移設電装工事,旭化成(株) 鈴鹿製造所,"534,167","534,126",K,フォロー,2021/04/01,2021/05/17,2023/03/31,BWK400 営業第一（大阪駐在),鎌田 貴弘,EW7100 電計第一東Ｇ（富士,高橋 雅尚, , , , , , , ,受注(注文書受領),EW7100 計装制御技術東日本（富士）,BWK400 営業第一（大阪駐在),旭化成,国内,契約先と同じ, ,対象外,調査不要,全社共通(役員),岡田 一郎,ＥＩＣＳ事業部,多田 信嗣,営業統括部（共通）,若林 健, , ,計装制御技術部共通,佐藤 弘文,営業第一（大阪駐在),大澤 剛士, ,請負工事,金額基準,標準案件,EICS／計装制御/建設エンジ,その他化学品, , , ,2023/05/17 0:00:00,岡田、多田、金口、合田、佐藤（伸）、吉永、若林、増田、鎌田、兒玉渡辺、新保、黒沢、守田、小守、熊谷佐藤（弘）、高野、高橋、冨野、丸山、出宮、渡辺,SC1・２移設電装工事,旭化成株式会社　鈴鹿製造所殿,三重県鈴鹿市平田中町1-1,"既存ＳＣ１・２の２系列を移設する。
対象設備は、業務用食品包装用フィルムの製造ラインであり、原料設備?押出機?延伸機?巻取機、及び周辺機器類にて構成される。
技術要素は、ラインドライブ及び周辺設備の
汎用の制御技術である。","SC1・２設備移設に関する電装工事一式
・盤更新製作・・約２０面
・上記盤のソフト製作
・盤移設工事・・約１００面
・移設に伴う改造工事・・・約１６項目
・現地試運転調整
・工事統括業務（'22年1月末まで）",2023/3/31,佐藤　弘文,"・盤、ソフト設計に手戻りロスが発生しないよう、
　客先と十分打合せを行う。
・工事期間に無駄時間が発生しないよう、
　設備移設後の工事期間は機械工程と十分なすり合わせを行う。
・試運転調整を円滑に実施するため、
　綿密なオフラインデバッグを実施する。","・先行工事設計の遅れを取り戻す。
　先行工事の設計着手が遅れ、設計を進めながらの先行工事となる。
　工事エリア順に設計を固め、設計完了分から順次承認をいただき
　進めていく。
・確実な実施設計の遂行によるロス極少化
　移設に伴う改造工事が発生するが、詳細検討中である。
　設計初期段階から回路構成レベルまで客先とすり合わせを
　行い、設計手戻りや試運転時の不具合を抑制する。
・綿密な現地工程管理よるロスの極少化
　機械移設後の電計工事は機械工事が完了した部分から追いかけて
　の工事となるため、錯綜作業とならないよう機械工事の実進捗に
　合わせた工事エリアの調整を実施し、手待ち等のロスを抑制する。
・工事用作業車の事故を無くす
　軽微ではあるが高所作業車等の接触事故が頻発している。本工事では
　過去の教訓を生かし事故を発生させないようにする。
　","・コロナ影響による電子部品入荷遅延
　長納期状態の部品は先行手配をかけるが、長納期品は現地組み込みとなるため、出荷試験時の欠品、未検査個所を現地にて確実にフォローする。　
・コロナ感染者の発生による工程遅延
　現地入場メンバーの体調確認を確実に実施するとともに、
　突発応援に対応できるよう、社内メンバー確保をしておく。
","・本件ＯＪＴにて若手社員の技術向上を図る。
　丸山ｓ：ラインドライブ、温調制御、安全対策等の技術修得
　渡辺ｓ：各種制御機器の役割、設計手法、動作検証方法等の習得。
・ＩＳＯに則り、ＰＪ運営を実施する。","・盤、ソフトについては客先と設計図書を用いた打合せが確実に実行され計画とおりであった。
・機械との調整は日々実施し工程遅れは発生せず。しかしながら、工事設計の遅れにより設計工数の増加が発生。
・製造担当を含めたオフラインデバックを実施したことにより、計画とおりであった。","・設計完了が1か月遅れたが、工事開始に合わせた設計を実施したことにより、工事工程を遵守できた。
・改造工事内容については設備技術部と密に打合せができ、手戻りの発生は微小であった。
・設備技術部機械担当及び機械施工業者を含めた全体調整を日々実施でき、錯綜作業の発生はない。エリア調整も平面図をもとに日々実施しており手待ちロスを最小限であった。
・残念ながら、高所作業車で送風ダクトへの破損事故が発生し物損事故ゼロは達成できなかった。新設工事での類似事故は発生させないよう周知徹底していたが、高所作業車を使用した作業による安全作業への喚起が不足していたと思われる。","・部品納入ベンダーと密に連絡をとり、工程に対しての遅延は発生せず。
・コロナ感染者は０とはならなかったが、まん延対策を確実に実行されており、PJ内への大きなまん延にはならず工程には影響させなかった。","・本PJに携わった富士メンバーについては、工事、盤製作、ソフト製作、試運転と一連の技術について大きな向上に繋がった。
・ISOでの不具合は発生無し。",要, ,2022/12/01 0:00:00,2022/10/01 0:00:00, ,2022/03/01 0:00:00,2022/10/01 0:00:00, , , , , , , ,0,2044331
21,91763626,301024,2023-04-11T09:13:24+09:00,2023-04-11T09:18:52+09:00,満足,迅速、丁寧な対応で良いと思いました。,満足,満足,満足,非常に満足,非常に満足,非常に満足,満足,満足,現場担当者の能力が高く、コミュニケーションを良く取り不具合連絡も早く満足行くレベルと考えます。,満足,満足,問題無く実施されている,満足,満足,満足,満足,酉島製ポンプに問題があるが、ユーザー側の立場に立って、真摯に対応頂いており満足できるものである。,なし,なし,なし,*,*,2000888,【BS結果報告】ガスタービンコンバインド発電所保守点検業務2022,(株)中袖ｸﾘ-ﾝﾊﾟﾜｰ 本社,"21,785","21,785",K,フォロー,2005/08/01,2012/06/30,2023/02/28,AWK400 営業第一グループ,神谷 敏之,FW5S20 川崎ＡＩＴグループ,深田 壽隆, , , , , , , ,受注(注文書受領),FW5S20 川崎ＡＩＴグループ,AWK400 営業第一グループ,その他,国内,契約先と同じ, ,対象外,調査不要,プラントライフ技術部共通,福永 辰也,プラントライフ技術部共通,福永 辰也,営業第一グループ,増田 秀幸,調達部, ,川崎ＡＩＴグループ,木浦 政詞,営業第一グループ,増田 秀幸,2022/7-2023/1,請負工事,金額基準,標準案件,ＰＬ／メンテ／一括保全,電力・ガス, , , , , , , , , , , , , , , , , , , , , , , , , , , , , , , , , , , ,2000888
22,91778248,322088,2023-04-11T16:13:13+09:00,2023-04-11T16:13:58+09:00,非常に満足,*,非常に満足,非常に満足,非常に満足,非常に満足,非常に満足,非常に満足,非常に満足,非常に満足,*,非常に満足,非常に満足,*,非常に満足,非常に満足,非常に満足,非常に満足,*,未定,未定,５年以内,*,*,2046745,【BS結果報告】AK千葉工場配電所更新工事,旭化成(株) 千葉工場,"710,695","698,835",K,フォロー,2021/03/22,2021/07/30,2023/03/31,AWK400 営業第一グループ,兒玉 卓,FW7310 電気技術東日本（川崎）,守田 泰博, , , , , , , ,受注(注文書受領),FW7310 電気技術東日本（川崎）,AWK400 営業第一グループ,旭化成,国内,契約先と同じ, ,対象外,調査不要,全社共通(役員),岡田 一郎,ＥＩＣＳ事業部,多田 信嗣,営業統括部（共通）,若林 健,調達部,佐藤 伸明,電気技術部共通,渡辺 宗人,営業第一グループ,増田 秀幸,２＋４追加／21年６月受注／２２年１２月売上予定,請負工事,金額基準,標準案件,EICS／電気工事,その他製造, , , ,2023/05/17 0:00:00,岡田、多田、金口、佐藤、栗原、新保、渡辺、黒沢、小守,千葉特高受配電設備(GIS化)工事,旭化成株式会社 製造統括本部 川崎製造所 設備管理部 電気設備管理課,〒299-0267 千葉県袖ケ浦市中袖5-1　旭化成\x{3231} 千葉工場,"千葉配電所における受変電設備を一式更新する。
特高設備をＧＩＳ化し、特高変圧器２台を新設１台に統合、高圧配電盤２グループを新設1グループに統合する。
上記施設を運転中に据付・試験完了させる。
 2022年10月に12日間千葉工場全停電させ、東電受電点変更、工場配電用ケーブルを新設配電盤に切り替える
復電後、既設の特高設備・特高変圧器・高圧配電盤を撤去する。（撤去工事は追加工事として受注予定）
既存メーカーは一新して、機器製作・工事も一括して富士電機殿が実施する。","?電気機器製作
　GIS、特高変圧器、配電盤、各種盤
?電気工事
　電気機器据付、配線工事、ブスバー工事
　現地試験検査
?土建工事
　GIS・特高変圧器基礎工事、建屋貫通工事",2021/12/31,守田　泰博,"?確定仕様書の条件で製作仕様書を作成し、内容の合意を得る。
　それ以外の要求は追加とする。
?追加変更項目は追加・変更指示／確認書に従い、追加変更の有無及び
　金額を明確化し、早期に判断できるようにする。
?3D CADを活用して、電気設備・基礎・架台設計を効率化する","【遂行目標】
計画した工期内（特に工場全停電期間内）で安全に工事を完了させる
【課題及び達成の方策】
?停電中作業を最小化して、作業品質を向上させる。
　事前工事、事前試験を工夫して、最大化させる。
?各機器の製作開始にあたり各ベンダーとキックオフミーティングを実施して、
　スケジュール調整を確実に行い、余裕のある工程を組む。
　停電期間のスケジュールについては、ベンダーと打ち合わせて、
　綿密なタイムスケジュールを作成して、確実・安全に工事を完了させる。
?3D CADを活用して、下記に取り組む
     - 充電近接部（実測困難部位）を計測して、設計精度を向上させる。
     - 工事設計をビジュアル化して、レビュー精度を向上させる。
     - 施工要領の見える化して、安全対策を強化させる。","?既存設備の図面に記載無き事項への対応
　→確定仕様書に見積除外事項として記載
　→既設設備での不明点及びリスクをPJ初期段階で明確にして、リスト管理し、
　　 早期に対応を客先と調整する。
?運転中エリアでの事前工事による、感電、設備損傷、停電
　→作業エリア、通路の区画等の安全対策の徹底
　　　（養生シート及びエリアセンサで危険エリア侵入防止）
　→工場を熟知している構内業者と共に綿密な安全対策を実施する　
　→施工要領のビジュアル化して、手順を作業員への徹底させる
?世界的な半導体・樹脂等の材料不足による電気機器の長納期化
　→ベンダーとスケジュールを共有し、早期に仕様確定・発注する
　→調達と連携して定期的に納期確認を実施する","'- 上記の3DCAD以外にも、IT技術を最大限活用するため、下記を検討中。
?固定Webカメラによる常時現場管理
?移動カメラによる遠隔施工管理（複数人による管理）
?３ＤＣＡＤと現場照合（画像比較）
?エリアセンサーによる危険エリア侵入防止
?ペーパレス施工要領指示（ビジュアルな施工要領指示）
?大型モニターを施工現場に導入し、上記を有効とする

- 人材育成もテーマとして、若手に責任ある仕事を任せて成長させる。",特に大きな差異はなく、計画通り営業利益率5%を確保した。,"?停電中作業を最小にして、品質を確保して工事を停電期間内で完了することができた。
?各ベンダーとも密に日程調整して、納期内に工事を完了することができた。
?3D CADをフル活用して、高精度の設計・工事を実施できた。","?見積に記載されていない追加項目については、都度客先と調整し、追加発注いただいた。
?無事故・無災害で工事を完了することができた。
?機器納期遅延無し。","下記のIT技術を現場に導入し、効率的に現場管理することができた。
?固定WEBカメラ
?IPHONEカメラによる遠隔施工管理（複数人による管理）
?３ＤＣＡＤと現場照合（画像比較）
?エリアセンサーによる危険エリア侵入防止
?ペーパレス施工要領指示（ビジュアルな施工要領指示）
?大型モニターを施工現場に導入し、上記を有効とする
",要,2021/09/01 0:00:00,2021/12/01 0:00:00,2022/05/01 0:00:00, ,2021/11/01 0:00:00,2021/12/01 0:00:00,2022/03/02 0:00:00,2022/03/02 0:00:00,2022/04/15 0:00:00, ,2021/11/12 0:00:00,2021/11/12 0:00:00, ,0,2046745
23,92203448,319990,2023-04-21T13:23:45+09:00,2023-04-24T08:20:09+09:00,大体満足,*,非常に満足,非常に満足,非常に満足,非常に満足,大体満足,大体満足,非常に満足,大体満足,撤去工事だが周辺設備との干渉や縁切計画の変更等、状況が変わる場面が多かったが、都度柔軟に対応いただいた。,非常に満足,非常に満足,*,非常に満足,非常に満足,非常に満足,非常に満足,*,未定,未定,未定,*,*,2041015,【BS結果報告】１火力１０号ボイラ撤去,旭化成(株) 延岡 動力部,"629,321","629,321",K,フォロー,2020/11/07,2021/01/02,2023/02/28,CWK400 営業第二グループ,宮田 宣明,CW5T50 土木建築部,松山 秀貴, , , , , , , ,受注(注文書受領),CW5T50 土木建築部,CWK400 営業第二グループ,旭化成,国内,契約先と同じ, ,対象外,調査不要,全社共通(役員),岡田 一郎,プラント事業部（共通,桑原 武,営業統括部（共通）,若林 健, , ,土木建築部,疋田 幸市,営業第二グループ,松山 毅, ,請負工事,金額基準,標準案件,プラント／ＡＫＧｒ向け国内建設業務,石油・石炭, , , , , , , , , , , , , , , , , , , , , , , , , , , , , , , , , , , ,2041015
24,92203502,321658,2023-04-21T13:25:49+09:00,2023-05-09T14:54:48+09:00,大体満足,"・丁寧に対応頂きました。
・回答がなかなか出てこないこともありました。",どちらでもない,大体満足,満足,満足,満足,多少不満,大体満足,大体満足,・プロジェクトマネージャが誰かが良く分かりませんでした。,大体満足,大体満足,*,どちらでもない,どちらでもない,どちらでもない,どちらでもない,*,未定,未定,未定,*,*,2044898,【BS結果報告】LE-2コストダウン化工事,旭化成(株) 延岡 ﾚｵﾅ樹脂・原料工場,"346,890","317,335",K,フォロー,2021/06/01,2021/06/09,2022/09/30,CWK400 営業第二グループ,宮田 宣明,CW5T30 九州エリア事業グループ,蒲原 大輔, , , , , , , ,受注(注文書受領),CW5T30 九州エリア事業グループ,CWK400 営業第二グループ,旭化成,国内,契約先と同じ, , ,調査不要,全社共通(役員),岡田 一郎,プラント事業部（共通,桑原 武,営業統括部（共通）,若林 健,調達部,佐藤 伸明,九州エリア事業グループ,安井 理雄,営業第二グループ,松山 毅, ,請負工事,金額基準,標準案件,プラント／ＡＫＧｒ向け国内建設業務,樹脂原料・製品, , , , , , , , , , , , , , , , , , , , , , , , , , , , , , , , , , , ,2044898
25,92203639,323337,2023-04-21T13:30:54+09:00,2023-04-21T17:10:18+09:00,大体満足,*,該当せず,大体満足,大体満足,大体満足,該当せず,大体満足,大体満足,該当せず,*,大体満足,大体満足,*,大体満足,大体満足,大体満足,大体満足,*,５年以内,５年以内,なし,*,*,2048017,【BS結果報告】５ＣＮ建屋　低圧盤製作,旭化成(株) ﾊｲﾎﾟｱ日向工場,"21,680","21,680",K,フォロー,2021/08/18,2021/11/19,2022/09/30,CWK400 営業第二グループ,宮田 宣明,CW7210 電計九州第一,中根 裕作, , , , , , , ,受注(注文書受領),CW7210 電気技術九州第一,CWK400 営業第二グループ,旭化成,国内,契約先と同じ, , ,調査不要,ＥＩＣＳ事業部,多田 信嗣,電気技術部共通,渡辺 宗人,営業統括部（共通）,若林 健, , ,電気技術九州第一,末永 賢吾,営業第二グループ,松山 毅,"見積期限：2021/11/9
客先注番：T10FBJV
客先担当：生技本電気技術部丸子様
購買担当：東京購買田中様
",請負工事,金額基準,標準案件,EICS／電気/配電盤制御盤/建設,電子・情報材料,"■基本方針（原則）
1）今後も延岡・日向地区に他社の入る余地を与えない為にも必注とする。
2）件名損益を度外視した受注は行わない。
■受注に向けた戦略
1）これまでの背景・実績を活かした提案を積極的に行い、今後も延岡・日向地区に他社の入る余地を与えない。
2）今後発注されるMCCや低圧盤も積極的に設計支援を行う。
3）想定外の競合先が入る可能性が予想されるため、綿密に情報収集を行う。競合先情報は、技術→発注担当(生技本)／営業→AK購買担当の両面より収集する。 ※金額判断のみに持ち込ませない。
4）AK本社購買での過去受注実績（5CMを含む）データを基に、本件見積が適正である事を明示する。", , , , , , , , , , , , , , , , , , , , , , , , , , , , , , , , , , ,2048017
26,92203697,323338,2023-04-21T13:33:07+09:00,2023-04-21T17:09:32+09:00,大体満足,*,該当せず,大体満足,大体満足,大体満足,該当せず,大体満足,大体満足,該当せず,*,どちらでもない,満足,*,大体満足,大体満足,大体満足,大体満足,*,５年以内,５年以内,なし,*,*,2048018,【BS結果報告】５ＣＮ用役回収　低圧盤製作 ,旭化成(株) ﾊｲﾎﾟｱ日向工場,"27,000","27,000",K,フォロー,2021/08/18,2021/11/19,2022/09/30,CWK400 営業第二グループ,宮田 宣明,CW7210 電計九州第一,中根 裕作, , , , , , , ,受注(注文書受領),CW7210 電気技術九州第一,CWK400 営業第二グループ,旭化成,国内,契約先と同じ, , ,調査不要,ＥＩＣＳ事業部,多田 信嗣,電気技術部共通,渡辺 宗人,営業統括部（共通）,若林 健, , ,電気技術九州第一,末永 賢吾,営業第二グループ,松山 毅,"見積期限：2021/11/9
客先注番：T10FNN2
客先担当：生技本電気技術部丸子様
購買担当：東京購買田中様
",請負工事,金額基準,標準案件,EICS／電気/配電盤制御盤/建設,電子・情報材料,"■基本方針（原則）
1）今後も延岡・日向地区に他社の入る余地を与えない為にも必注とする。
2）件名損益を度外視した受注は行わない。
■受注に向けた戦略
1）これまでの背景・実績を活かした提案を積極的に行い、今後も延岡・日向地区に他社の入る余地を与えない。
2）今後発注されるMCCや低圧盤も積極的に設計支援を行う。
3）想定外の競合先が入る可能性が予想されるため、綿密に情報収集を行う。競合先情報は、技術→発注担当(生技本)／営業→AK購買担当の両面より収集する。 ※金額判断のみに持ち込ませない。
4）AK本社購買での過去受注実績（5CMを含む）データを基に、本件見積が適正である事を明示する。", , , , , , , , , , , , , , , , , , , , , , , , , , , , , , , , , , ,2048018
27,92203880,323623,2023-04-21T13:39:57+09:00,2023-05-29T10:05:36+09:00,非常に満足,*,満足,大体満足,満足,非常に満足,非常に満足,満足,非常に満足,非常に満足,*,満足,満足,*,大体満足,満足,満足,満足,*,未定,1年以内,未定,*,*,2048624,【BS結果報告】５ＣＮ３低圧盤製作,旭化成(株) ﾊｲﾎﾟｱ日向工場,"34,500","34,500",K,PJ結果,2021/04/23,2021/12/17,2023/03/31,CWK400 営業第二グループ,宮田 宣明,CW7210 電計九州第一,中根 裕作, , , , , , , ,受注(注文書受領),CW7210 電気技術九州第一,CWK400 営業第二グループ,旭化成,国内,契約先と同じ, , ,調査不要,ＥＩＣＳ事業部,多田 信嗣,電気技術部共通,渡辺 宗人,営業統括部（共通）,若林 健, , ,電気技術九州第一,末永 賢吾,営業第二グループ,松山 毅,"見積提出期日：2022/1/11
客先注番：T10HV0R
客先担当：前田 倖様
購買担当：田中 慶一郎様

参考見積：生技本　吉田様",請負工事,金額基準,標準案件,EICS／電気/配電盤制御盤/建設,電子・情報材料,12/8　取組応札会議開催, , , , , , , , , , , , , , , , , , , , , , , , , , , , , , , , , , ,2048624
28,92203883,324124,2023-04-21T13:40:01+09:00,2023-05-29T10:06:37+09:00,非常に満足,*,満足,満足,非常に満足,満足,満足,満足,満足,満足,*,満足,大体満足,*,大体満足,満足,満足,非常に満足,*,未定,1年以内,未定,*,*,2049293,【BS結果報告】５ＣＮ４低圧盤製作,旭化成(株) ﾊｲﾎﾟｱ日向工場,"35,800","35,800",K,フォロー,2021/12/08,2022/02/16,2023/03/31,CWK400 営業第二グループ,宮田 宣明,CW7210 電気技術九州第一,中根 裕作, , , , , , , ,受注(注文書受領),CW7210 電気技術九州第一,CWK400 営業第二グループ,旭化成,国内,契約先と同じ, , ,調査不要,ＥＩＣＳ事業部,多田 信嗣,電気技術部共通,渡辺 宗人,営業統括部（共通）,若林 健, , ,電気技術九州第一,末永 賢吾,営業第二グループ,松山 毅,"見積提出期日：2022/1/11
客先注番：T10HUXW
客先担当：前田 倖様
購買担当：田中 慶一郎様

参考見積：生技本　吉田様",請負工事,金額基準,標準案件,EICS／電気/配電盤制御盤/建設,電子・情報材料,"12/8　5CN3 取組応札会議開催
1/13：同仕様にて5CN4、5CN5見積照会を受領", , , , , , , , , , , , , , , , , , , , , , , , , , , , , , , , , , ,2049293
29,92203884,324125,2023-04-21T13:40:04+09:00,2023-05-29T10:07:30+09:00,非常に満足,*,満足,満足,非常に満足,満足,満足,非常に満足,満足,満足,*,満足,非常に満足,*,満足,非常に満足,満足,満足,*,未定,1年以内,未定,*,*,2049307,【BS結果報告】５ＣＮ５低圧盤製作,旭化成(株) ﾊｲﾎﾟｱ日向工場,"35,800","35,800",K,フォロー,2021/12/08,2022/02/16,2023/03/31,CWK400 営業第二グループ,宮田 宣明,CW7210 電気技術九州第一,中根 裕作, , , , , , , ,受注(注文書受領),CW7210 電気技術九州第一,CWK400 営業第二グループ,旭化成,国内,契約先と同じ, , ,調査不要,ＥＩＣＳ事業部,多田 信嗣,電気技術部共通,渡辺 宗人,営業統括部（共通）,若林 健, , ,電気技術九州第一,末永 賢吾,営業第二グループ,松山 毅,"見積提出期日：2022/1/11
客先注番：T10HUZ1
客先担当：前田 倖様
購買担当：田中 慶一郎様

参考見積：生技本　吉田様",請負工事,金額基準,標準案件,EICS／電気/配電盤制御盤/建設,電子・情報材料,"12/8　5CN3 取組応札会議開催
1/13：同仕様にて5CN4、5CN5見積照会を受領", , , , , , , , , , , , , , , , , , , , , , , , , , , , , , , , , , ,2049307
30,92204131,326853,2023-04-21T13:49:38+09:00,2023-05-19T12:25:38+09:00,非常に満足,"見積もり後も内容について丁寧にご説明して頂きました。
また、不明点についても明確にして頂きました。
誠実なご対応感謝します。",該当せず,満足,大体満足,満足,満足,満足,満足,非常に満足,電気設計力が高く、また、コスト削減を意識した検討がなされていることを業務を通じて感じました。,非常に満足,非常に満足,"毎日の作業報告と毎週の週間工程表のご対応により、
他工事との干渉がないようスムーズに進めることが出来ました。
また、懸念がある際は、都度、連絡頂き、現場打合せさせて頂き満足しています。",満足,満足,満足,大体満足,"こちら側の提案通りにただ進めるのではなく、
更によい案を捻出しようとされている点や、質問に対する
回答の根拠提示が明確である点等、高く評価します。",未定,未定,未定,*,*,2052760,【BS結果報告】火災対応高圧電源仮設,旭化成ｴﾚｸﾄﾛﾆｸｽ(株) 延岡,"48,579","48,579",K,PJ結果,2022/06/01,2022/10/18,2023/03/31,CWK400 営業第二グループ,宮田 宣明,CW7210 電計九州第一,黒田 智仁, , , , , , , ,受注(注文書受領),CW7210 電気技術九州第一,CWK400 営業第二グループ,旭化成事業会社,国内,契約先と同じ, ,対象外,調査不要,ＥＩＣＳ事業部,多田 信嗣,電気技術部共通,渡辺 宗人,営業統括部（共通）,若林 健,調達部,佐藤 伸明,電気技術九州第一,末永 賢吾,営業第二グループ,松山 毅,"1）機械棟行き既設高圧ケーブルの一部ルート変更・・・建屋撤去工事足場との干渉排除
　2）環境対策LC設置（基礎構築含む）・・・ダイオキシン対策の集塵機（約20台）電源，他",請負工事,金額基準,標準案件,EICS／電気/配電盤制御盤/建設,電力・ガス,"工場火災に伴う、建屋撤去作業を実施中。※鹿島建設
今後の解体工事に影響を及ぼさないよう、下記内容について事前設計検討及び、特命実施の依頼があった。
客先は撤去工事の対応で多忙であり、本件に注力できない状況であるため、AKMで施工実績の豊富な当社へ
特命にて一括依頼としたいとのことを受け、その期待に応えるべく積極的に取組む。
", , , , , , , , , , , , , , , , , , , , , , , , , , , , , , , , , , ,2052760
31,92208646,315725,2023-04-21T16:39:30+09:00,2023-05-19T11:18:16+09:00,大体満足,*,どちらでもない,大体満足,不満,大体満足,多少不満,多少不満,多少不満,どちらでもない,連溶系列増設は特殊なケースで色々とあったため,どちらでもない,大体満足,メンバー見直しが入ってからは非常に良くなった。,大体満足,大体満足,大体満足,該当せず,*,*,*,*,*,*,2023658,【BS結果報告】連溶系列増設,旭化成(株) 延岡 ﾍﾞﾝﾍﾞﾙｸﾞ工場,"1,050,317","1,050,318",K,フォロー,2018/05/01,2019/04/13,2023/03/31,CWK400 営業第二グループ,宮田 宣明,CW5T30 九州エリア事業グループ,黛 和浩, , , , , , , ,受注(注文書受領),CW5T30 九州エリア事業グループ,CWK400 営業第二グループ,旭化成,国内,契約先と同じ, , ,調査不要,全社共通(役員),岡田 一郎,プラント事業部（共通,桑原 武,営業統括部（共通）,若林 健, , ,九州エリア事業グループ,安井 理雄,営業第二グループ,松山 毅, ,請負工事,金額基準,標準案件,プラント／ＡＫＧｒ向け国内建設業務,繊維, , , , , , , , , , , , , , , , , , , , , , , , , , , , , , , , , , , ,2023658
32,92475883,315608,2023-04-24T16:46:44+09:00,2023-04-24T18:32:03+09:00,満足,見積り精査、コストダウン検討についても親身になってご協力頂きました。,非常に満足,満足,満足,満足,満足,満足,非常に満足,満足,多々追加変更させて頂きましたが、素早い現場対応としっかりとした設計協議で滞り無く進めることが出来ました。,満足,満足,設計途中の図面協議や課題に対する対応についての設計資料や工事対応資料など、機械・電計・土建の各担当それぞれでしっかりとご対応頂きました。,非常に満足,満足,満足,満足,設計面や工程管理面や工事安全の面でも、多大なご支援とご協力を頂きました。,*,*,２年以内,"既にご依頼させて頂いているAF,AS工程更新に続き、BF/AF工程撤去、AR工程更新と同様に工程更新をご相談させて頂ければと思います。",*,2023659,【BS結果報告】BF設備増設,旭化成(株) 延岡 ﾍﾞﾝﾍﾞﾙｸﾞ工場,"1,575,943","1,526,810",K,フォロー,2018/05/01,2019/04/10,2022/07/30,CWK400 営業第二グループ,松山 毅,CW5T30 九州エリア事業グループ,安井 理雄, , , , , , , ,受注(注文書受領),CW5T30 九州エリア事業グループ,CWK400 営業第二グループ,旭化成,国内,契約先と同じ, , ,調査不要,全社共通(役員),岡田 一郎,プラント事業部（共通,桑原 武,営業統括部（共通）,若林 健,調達部,佐藤 伸明,土木建築部,疋田 幸市,営業統括部（共通）,若林 健, ,請負工事,金額基準,標準案件,プラント／ＡＫＧｒ向け国内建設業務,繊維, , , ,2023/12/06 0:00:00, ,BF工程更新工事(RBF),旭化成?ベンベルグ工場殿,延岡市旭町4丁目4300-1,"・ベンベルグ工場回収工程は、架構耐震不足、能力不足による設備トラブルが多く発生している。そこで、計画的に更新及び能増工事が計画されている。
・BF工程は、イオン交換樹脂により排水中から銅を吸着・回収する工程である。",新設架構&ラック設置、機器購入、機器据付、配管敷設。それに伴う電計工事一式。,2022/7/1,PM 松田(APM 古田土),"１）コストオープンの為、購買部?設備技術課との情報開示を徹底し、信頼を得る。
また追加変更について、客先にタイムリーに変更内容を提示し、合意を得る。
２)手直し、追加が発生しないように、計画段階で抜けのない設計を実施する。","?無事故・無災害で客先と合意した納期で完工する。
?周辺設備が近接しているエリアの為、錯綜調整（特に重機作業）が課題。
?土建、機械、他件名工事とコミュニケーションを綿密に取りながら各作業内容を把握して、日々の錯綜調整（特に重機作業）を実施し安全管理、工程管理を実施する。","?製缶機器及び購入品の納期遅れ⇒製作工程表によるフォロー及び適宜確認
?錯綜調整不足による工程遅れ⇒日々の錯綜調整を確実に実施","１）大型物件のため、工程管理、安全管理等の実施のノウハウを残す。
２）若手を積極的に登用し、ＯＪＴで育成する。
",・主な理由は、コストオープンの為、最終仕様確定後に最終見積書提出し予算を確定した為。,"目標利益達成結果
１）注決前にコストの情報開示を徹底して行った。
　　追加変更は発生時に追加費用の発生の有無と概算金額を伝えて合意を
　　得てから着手した。
２）計画段階で不明確な部分は作成した検討図を元に仕様決定を行ったことで
　　手直し、余計な追加費用が発生させないように出来た。

JOB遂行目標・架台達成結果
?当初予定の納期通りに無事故・無災害で完工した。
?主体的に周辺工事と作業調整を行うことで錯綜作業の無い工事が実施
　できた。
?錯綜調整を行ったことで工期通りに完工できた。","?製缶機器は製作工程表を元に管理し、完成検査と中間検査を行うことで
　　製作状況を把握したことで納期通り納めることが出来た。
?錯綜調整を実施し工期遅れなく完工できた。","１）製作工程管理表を作成し運用できた。
２）若手を施工確認、残工事、二期工事担当として育成を実施した。",要, ,2019/10/01 0:00:00,2021/05/01 0:00:00, , ,2022/07/01 0:00:00, ,2019/10/24 0:00:00,2020/10/01 0:00:00, , ,2022/07/29 0:00:00, ,0,2023659
33,92476715,320590,2023-04-24T16:50:41+09:00,2023-04-25T15:52:04+09:00,満足,OSBLと同意見です。,満足,満足,大体満足,どちらでもない,満足,満足,満足,満足,"追加については、色々と出た中でご協力頂きありがとうございました。
1点、希望としては膜環境の方々にもう少し早い段階からこちらの現場に常駐頂けると、助かる場面も多かったかなと感じています。（非常に忙しいのは重々承知しておりますが）",満足,大体満足,"完成図書の提出はもう少し早いと助かります。
（ただ、最低限必要な部分だけを先行して頂けたので助かりました）",満足,満足,どちらでもない,大体満足,"不具合等が出た際の解決力については助けられました。
コストについてはOSBL側にも記載した通り、少し高いと感じています。",未定,1年以内,1年以内,ボイラー更新、協力会建屋新設、等,OSBL側に記載したコメントと同様です。,2044888,【BS結果報告】レオナD液焼却炉（ISBL）,旭化成(株) 延岡 ﾚｵﾅ樹脂・原料工場,"463,612","459,372",K,フォロー(追加有),2020/01/01,2021/03/08,2023/03/31,CWK400 営業第二グループ,松山 毅,CW5T30 九州エリア事業グループ,安井 理雄, , , , , , , ,受注(注文書受領),CW5T30 九州エリア事業グループ,CWK400 営業第二グループ,旭化成,国内,契約先と同じ, , ,調査不要,全社共通(役員),岡田 一郎,プラント事業部（共通,桑原 武,営業統括部（共通）,若林 健,調達部,佐藤 伸明,土木建築部,疋田 幸市,営業統括部（共通）,若林 健,"見積提出期日：2021/3/9
客先注番：T1062FS
客先担当：西澤 悠太郎様
購買担当：林 浩子様

見積提出期日：2021/3/9
客先注番：T1060GW
客先担当：松永 尚己様
購買担当：林 浩子様

見積提出期日：2021/3/26
客先注番：T106XJZ
客先担当：大西 研治様
購買担当：増渕 樹様

見積提出期日：2021/3/26
客先注番：T106XJB
客先担当：大西 研治様
購買担当：増渕 樹様

見積提出期日：2021/7/28
客先注番：T10BPUY
客先担当：岩本 憲昭様
購買担当：増渕 樹様

見積提出期日：2021/10/5
客先注番：T10E09V
客先担当：松永 尚己様
購買担当：林 浩子様

見積提出期日：2021/10/25
客先注番：T10E39R
客先担当：村上 博章様
購買担当：林 浩子様

",請負工事,金額基準,標準案件,プラント／ＡＫＧｒ向け国内建設業務,その他化学品, , , ,2023/03/27 0:00:00, ,Ｄ液焼却設備ＩＳＢＬ工事,旭化成株式会社 レオナ樹脂・原料工場殿,宮崎県延岡市長浜町4丁目3401番地,"第3火力発電所の燃料転換(石炭⇒LNG)
に伴い、石炭炉の助燃材として場内での
廃油(D液)処理ができなくなったため、膜・
環境Gr.の廃液燃焼分解炉を導入すること
となった。本工事は燃焼分解炉に関する現地工事を行うものである。

配管材質CS、SUS304、SUS316、LNG配管ノーフランジ施工","【土建】機械基礎、循環水ピット、燃焼炉
　　　　　架構、外構工事一式
【機械】燃焼炉他機器据付、配管、塗装、
　　　　　断熱工事一式
【電計】電計工事一式
※設計、製作、水試運転、性能確認運転は、膜･環境技術所掌",2022/9/30,蒲原　大輔,"1)土建･EICS･九州エリアがそれぞれで責任をもってコスト管理をする。
2)コストオープンのため購買部-工場付-設備技術課と連携を取り情報開示を徹底して、信頼を得る。また、追加変更に関して、タイムリーに変更内容を提示して合意を得る。
3)マスタースケジュールに従い、設計･手配を行い、手戻り、手待ちを無くし、工期遅れが生じないように管理して行く。　","?鋼管杭は全数立会いを行い、支持層やトルク値及び杭頭レベルの確認を行う。鉄筋・コンクリ?ト・鉄骨工事は、配筋や出来形、溶接部の外観や超音波試験・検査の記録写真を残す。
?SUS配管に関してはWPS、WPQRの作成・記録管理を実施する
?クレーン作業時には、工場メイン道路を封鎖しての夜間作業となるため、事故防止のため図解による施工計画書の作り込みを行い、現地での実施確認、現場管理を徹底する。また、敷地には十分なスペースがないので仮置き計画等も十分に考慮する。
?工事エリア南側には海水配管（ＰＥ管）が埋設されており、掘削、重機作業時には養生徹底、細心の注意の上、作業を行う。
?ダクト敷設での高所作業、盤搬入がある為、図解付きの施工計画書を作成し、末端作業員まで周知する。
?コロナ対応と熱中症対策を両立して実施し、無災害を達成する。","?契約仕様、受注範囲の明確化⇒確定仕様書の取り交わし
?各担当独立採算の中でもPJの統制を図る⇒定期的なPJ会議の実施
?工事計画書を早期に作成し、メイン道路の封鎖、夜間作業等の調整を行ない工場操業の妨げとならないようにする。
?性能確認運転は、膜・環境技術の所掌であるが、工事について連携を取り、試運転に支障のないようにする。", ,"1)土建･EICS･九州エリアがそれぞれで責任をもってコスト管理をしPJ全体で経常利益を確保できた。
","?杭工事・鉄筋・コンクリート・鉄骨工事において検査・記録管理を実施し品質の確保ができた。
?配管溶接において検査・記録管理を実施し品質の確保ができた。
?クレーン作業において施工計画書を作り込み、施工管理を実施し無事故・無災害で完工した。
?養生の徹底、注意喚起により誘引事故の発生を防止した。
?各作業において施工計画を末端作業員まで周知徹底することで無事故・無災害で完工した。","?確定仕様書を取り交わすことにより責任範囲を明確にし、追加項目についても適切に処理することができた。
?定期的なPJ会議を実施し各担当間で情報共有することでスムーズなPJ運営を行い、ロスを最小化し、利益を上げることができた。
?早期に工事計画書を作成し、客先を含め関係部署にレビューすることで、十分なリスク低減策を事前に講ずることができ無事故・無災害での完工につながった。
?膜・環境技術と連携し調整を図ることで試運転に支障のないように工事を進捗させることができた。", ,要, ,2021/11/01 0:00:00,2022/04/01 0:00:00, ,2022/09/01 0:00:00,2022/09/01 0:00:00, ,2022/11/18 0:00:00,2022/12/08 0:00:00, ,2022/03/28 0:00:00,2022/03/31 0:00:00, ,0,2044888
34,92476932,318764,2023-04-24T16:51:49+09:00,2023-04-25T15:41:55+09:00,大体満足,見積等について迅速に対応頂きありがとうございました。,大体満足,大体満足,大体満足,どちらでもない,満足,どちらでもない,大体満足,大体満足,"・安全対策についてはレベル高く実施頂き、安心できる現場だった。
・コミュニケーションの部分で、「ベンダーとの情報共有」、「AEC殿の内部での
　情報共有」、が一部弱いと感じられる部分があった。",満足,どちらでもない,"日々の報告等は迅速に対応頂きありがとうございました。
完成図書の提出のタイミングは少し遅いと感じました。",大体満足,大体満足,多少不満,大体満足,コストについては、同業他社（エンジ会社）と比較すると少し高いと感じています。,未定,1年以内,1年以内,ボイラー更新、協力会建屋新設、等,"今回は各種ご対応頂きありがとうございました。
お陰様で無事に設備垂直立上げが実施でき感謝しております。
1点、気になった点としてはAEC殿の中での情報共有が少し弱く感じました。
特に、機械-土建間での調整が弱いと感じる場面が多かったです。（これは機械（土建）の業務なので私たちはよくわかりません、のような壁をたまに感じました）
その辺りの調整も含めて全体で管理頂けると更に助かりますので、今後とも宜しくお願いします。",2025582,【BS結果報告】レオナD液焼却炉（OSBL）,旭化成(株) 延岡 ﾚｵﾅ樹脂・原料工場,"1,087,939","1,139,839",K,フォロー(追加有),2019/07/01,2020/09/01,2022/09/30,CWK400 営業第二グループ,松山 毅,CW5T30 九州エリア事業グループ,安井 理雄, , , , , , , ,受注(注文書受領),CW5T30 九州エリア事業グループ,CWK400 営業第二グループ,旭化成,国内,契約先と同じ, , ,調査不要,全社共通(役員),岡田 一郎,プラント事業部（共通,桑原 武,営業統括部（共通）,若林 健, , ,土木建築部,疋田 幸市,営業統括部（共通）,若林 健, ,請負工事,金額基準,標準案件,プラント／ＡＫＧｒ向け国内建設業務,その他化学品, , , ,2022/09/05 0:00:00, ,Ｄ液焼却設備ＯＳＢＬ工事,旭化成株式会社 レオナ樹脂・原料工場殿,宮崎県延岡市長浜町4丁目3401番地,"第3火力発電所の燃料転換(石炭⇒LNG)
に伴い、石炭炉の助燃材として場内での
廃油(D液)処理ができなくなったため、膜・
環境Gr.の廃液燃焼分解炉を導入すること
となった。本工事は燃焼分解炉を除く、付
帯設備工事となる。

特殊材質無し、現地組タンク2基、二重管
敷設、LNG配管ノーフランジ施工","【土建】倉庫3棟、既設倉庫解体、配管
　　　　  ラック、タンク基礎、防液堤、
　　　　  ローリーステーション、外構工事
【機械】700m3SUS製タンク、200m3SS製
　　　　  タンク、温水設備、熱交、ポンプ、
　　　　  据付・配管・塗装・断熱工事
【電計】電計工事一式",2022/1/31,GPM 疋田s、PM 城永,"1)土建･EICS･九州エリアがそれぞれ独立採算で責任をもって
　コスト管理する。
2)コストオープンのため購買部-工場付-設備技術課と連携を取り
　情報開示を徹底して、信頼を得る。また、追加変更に関して、
　タイムリーに変更内容を提示して合意を得る。
3)マスタースケジュールに従い、設計･手配を行い、手戻り、手待
　ちを無くし、工期遅れが生じないように管理して行く。　　","1)-1 タンク組立は、現場溶接が主体となるため、溶接欠陥の無き
　　　よう、有資格者の配置確認、PT・ＶＴ・ＲＴ･MT検査の記録確
　　　認を実施し、管理する。
2)-1 タンク組立工事においてクレーン、足場、高所、溶接、酸欠
　　　等、危険作業が継続的かつ長期間、発生するため、事故防
　　　止のため図解による施工計画書の作り込みを行い、現地で
　　　の実施確認、現場管理を徹底する。
2)-2 現場が広範囲･複数、同時進行のため、エリア分けを行な
　　　い、エリア毎に安全管理者を配置して管理する。
2)-3 コロナ対応と熱中症対策を両立して実施し、無災害を達成
　　　する。","\x{2460}契約仕様、受注範囲の明確化⇒確定仕様書の取り交わし
\x{2462}各担当独立採算の中でもPJの統制を図る⇒定期的なPJ会議
　の実施
\x{2465}\x{2469}タンク組立期間が台風シーズンとなる⇒台風養生の確実な
　　実施と組立保険の付与
",1)納期を厳守し、客先の外部産廃処理費の余分な発生を抑える,・各Grにおいて設計の手戻りなくPJを実行して、計画通りの予算/利益を確保することが出来た。,"\x{2460}現地組タンクの品質確保のため、現地に設計者を常駐して、設計の手戻りなく進めた。各工事において検査・記録管理を実施し品質の確保ができた。
\x{2461}クレーン作業において施工計画書を作り込み、施工管理を実施し無事故・無災害で完工した。
\x{2462}各エリアごとに既存稼働エリアとの区画を徹底して、作業動線を確保した。
\x{2463}熱中症対策（冷所、水分、塩分、休憩　WBGT　etc）を十分に行い、熱中症ゼロを達成した。","}確定仕様書を取り交わすことにより責任範囲を明確にし、追加項目についても適切に処理することができた
定期的なPJ会議を実施し各担当間で情報共有することでスムーズなPJ運営を行い、ロスなく利益を確保することができた。
}タイムリーな情報収集を行い、前もって対応することで、なリスク低減策を事前に講ずることができ無事故・無災害での完工につながった。", ,要, ,2021/04/01 0:00:00,2021/08/01 0:00:00, , ,2022/01/01 0:00:00, ,2021/04/14 0:00:00,2021/08/03 0:00:00, , ,2022/01/31 0:00:00, ,0,2025582
35,92478326,319832,2023-04-24T16:59:04+09:00,2023-05-19T10:59:22+09:00,非常に満足,*,非常に満足,非常に満足,非常に満足,非常に満足,非常に満足,非常に満足,非常に満足,非常に満足,*,非常に満足,非常に満足,*,非常に満足,非常に満足,非常に満足,非常に満足,*,未定,1年以内,未定,5CN高速化で改造依頼を発注済みです。,*,2028871,【BS結果報告】５ＣＮ３　スプライス装置,旭化成(株) ﾊｲﾎﾟｱ日向工場,"472,182","472,182",K,フォロー,2019/11/01,2020/12/17,2022/12/31,CWK400 営業第二グループ,松山 毅,EW5U00 システム機器部,菅野 洋一, , , , , , , ,受注(注文書受領),EW5U00 システム機器部,CWK400 営業第二グループ,旭化成,国内,契約先と同じ, ,対象外,調査不要,全社共通(役員),岡田 一郎,プラント事業部（共通,桑原 武,営業統括部（共通）,若林 健,調達部,佐藤 伸明,システム機器部,玉置 久,営業統括部（共通）,若林 健, ,請負工事,金額基準,標準案件,シス機／富士設計,電気・電子機器, , , , , , , , , , , , , , , , , , , , , , , , , , , , , , , , , , , ,2028871
36,94291257,318931,2023-05-22T16:44:10+09:00,2023-11-22T09:56:55+09:00,満足,*,満足,満足,満足,満足,満足,満足,満足,満足,*,満足,満足,*,満足,満足,満足,満足,*,未定,未定,未定,*,*,2028837,【BS結果報告】５ＣＮ４抽出乾燥機,旭化成(株) ﾊｲﾎﾟｱ日向工場,"746,186","742,333",K,フォロー(追加有),2020/01/01,2020/09/23,2023/03/31,CWK400 営業第二グループ,松山 毅,EW5U00 システム機器部,東條 隆則, , , , , , , ,受注(注文書受領),EW5U00 システム機器部,CWK400 営業第二グループ,旭化成,国内,契約先と同じ, ,対象外,調査不要,全社共通(役員),岡田 一郎,プラント事業部（共通,桑原 武,営業統括部（共通）,若林 健, , ,システム機器部,玉置 久,営業統括部（共通）,若林 健,"見積期限：2020/8/25
客先注番：T03X36N
客先担当：唐津 裕治様
購買担当：手塚 博忠様（東京購買）",請負工事,金額基準,標準案件,シス機／富士設計,その他化学品, , , , , , , , , , , , , , , , , , , , , , , , , , , , , , , , , , , ,2028837
37,94291266,318932,2023-05-22T16:44:16+09:00,2023-11-22T09:56:28+09:00,満足,*,満足,満足,満足,満足,満足,満足,満足,満足,*,満足,満足,*,満足,満足,満足,満足,*,未定,未定,未定,*,*,2028836,【BS結果報告】５ＣＮ３抽出乾燥機,旭化成(株) ﾊｲﾎﾟｱ日向工場,"744,809","741,226",K,フォロー(追加有),2019/10/01,2020/06/01,2023/01/31,CWK400 営業第二グループ,松山 毅,EW2S20 中部エリア事業グループ,東條 隆則, , , , , , , ,受注(注文書受領),EW5U00 システム機器部,CWK400 営業第二グループ,旭化成,国内,契約先と同じ, ,対象外,調査不要,全社共通(役員),岡田 一郎,プラント事業部（共通,桑原 武,営業統括部（共通）,若林 健, , ,システム機器部,玉置 久,営業統括部（共通）,若林 健,"見積期限：2021/9/1
客先注T10BKRZ
客先担当：中島 仁様
購買担当：木下 要様

見積期限：2021/5/17
客先注番：T107SFM
客先担当：中島 仁様
購買担当：木下 要様

見積期限：2020/08/25
客先注番：T03X359
客先担当：唐津 裕治様
購買担当：手塚 博忠様（東京購買）",請負工事,金額基準,標準案件,シス機／富士設計,その他化学品, , , , , , , , , , , , , , , , , , , , , , , , , , , , , , , , , , , ,2028836
38,94291272,319834,2023-05-22T16:44:19+09:00,2023-11-22T09:55:04+09:00,満足,*,満足,満足,満足,満足,満足,満足,満足,満足,*,満足,満足,*,満足,満足,満足,満足,*,未定,未定,未定,*,*,2028872,【BS結果報告】５ＣＮ４　スプライス装置,旭化成(株) ﾊｲﾎﾟｱ日向工場,"476,695","476,694",K,フォロー,2019/11/01,2020/12/17,2023/04/28,CWK400 営業第二グループ,松山 毅,EW5U00 システム機器部,菅野 洋一, , , , , , , ,受注(注文書受領),EW5U00 システム機器部,CWK400 営業第二グループ,旭化成,国内,契約先と同じ, ,対象外,調査不要,全社共通(役員),岡田 一郎,プラント事業部（共通,桑原 武,営業統括部（共通）,若林 健,調達部,佐藤 伸明,システム機器部,玉置 久,営業統括部（共通）,若林 健, ,請負工事,金額基準,標準案件,シス機／富士設計,電気・電子機器, , , , , , , , , , , , , , , , , , , , , , , , , , , , , , , , , , , ,2028872
39,94292658,320348,2023-05-22T17:05:00+09:00,2023-05-23T08:35:54+09:00,大体満足,*,大体満足,非常に満足,満足,大体満足,満足,大体満足,大体満足,満足,焼却炉について技術力が高く非常に助かりました。ありがとうございます。,満足,多少不満,完成図書の提出時期はもう少し早く計画頂けると助かります。,満足,満足,どちらでもない,満足,問題発生時の提案力が高く助けられました。ありがとうございます。,未定,未定,未定,*,"このアンケートは発注案件毎に送付されてくるのでしょうか？
（土建工事等についても今後アンケートが来る？）
※D液焼却炉工事で言えば、ISBL工事、OSBL工事の2つのアンケートで全体を
　集約できるかと思いますので、それ以上は必要ないのかなとも感じました。",2028922,【BS結果報告】D液燃焼設備本体,旭化成(株) 延岡 ﾚｵﾅ樹脂・原料工場,"401,658","401,662",K,フォロー,2020/01/01,2021/02/01,2023/03/31,CWK400 営業第二グループ,増田 秀幸,AW3900 プロセス技術グループ,山中 元貴, , , , , , , ,受注(注文書受領),AW3900 プロセス技術グループ,CWK400 営業第二グループ,旭化成,国内,契約先と同じ, ,対象外,調査不要,全社共通(役員),岡田 一郎,プラント事業部（共通,桑原 武,営業統括部（共通）,若林 健,調達部,佐藤 伸明,プロセス技術グループ,大石 学,営業統括部（共通）,若林 健, ,請負工事,金額基準,標準案件,環境／廃液焼却装置,樹脂原料・製品, , , , , , , , , , , , , , , , , , , , , , , , , , , , , , , , , , , ,2028922
40,94294695,327096,2023-05-22T17:36:41+09:00,2023-05-30T09:22:09+09:00,非常に満足,見積等の早期対応ありがとうございます。,非常に満足,非常に満足,非常に満足,非常に満足,非常に満足,非常に満足,非常に満足,非常に満足,*,非常に満足,満足,*,満足,満足,満足,満足,*,なし,なし,なし,*,*,2052032,【BS結果報告】ＰＫ?１１ 建築付帯電源設備製作,(株)九電工 延岡営業所,"36,200","36,200",K,フォロー,2022/03/31,2022/10/10,2023/04/30,CWK400 営業第二グループ,宮田 宣明,CW7210 電計九州第一,泉山 青也, , , , , , , ,受注(注文書受領),CW7210 電気技術九州第一,CWK400 営業第二グループ,その他,国内,契約先と同じ, ,対象外,調査不要,ＥＩＣＳ事業部,多田 信嗣,電気技術部共通,渡辺 宗人,営業統括部（共通）,若林 健,調達部,佐藤 伸明,電気技術九州第一,末永 賢吾,営業第二グループ,松山 毅,プラノバ成型工場（PK?11）再建計画であり、客先投資目的は生産量ＵＰ及び、在庫確保である。,請負工事,金額基準,標準案件,EICS／電気/配電盤制御盤/改善、更新,医療機器,"プラノバ成型工場（PK?11）再建計画であり、客先投資目的は生産量ＵＰ及び、在庫確保である。
計画概要は、既設建屋を流用し（現在、既設装置移設・撤去済）新プラントを導入。
当社スコープは建築付帯電源設備（盤）の再構築であり、当初、設技課より実施依頼があったが、建築付帯と
いう事でゼネコン一括発注にて（大成建設→九電工→当社）進める運びとなった。
既設電源設備（L/C、MCC）は当社製（旧サン電子）である為、積極的に取組む。
予定）正式受注：2022年7月、納期：2023年1月", , ,2022/10/12 0:00:00, ,PK-11建築付帯電源設備製作,株式会社　九電工,旭化成メディカル(株) 恒富工場,1)旭化成メディカル(株) 恒富工場の電源盤・分電盤の盤内部品更新及びMCCユニット製作である。,"1)電源盤部品更新:1面
2)単三分電盤部品更新:11面
3)MCCユニット製作他:75台",2023/1/31,日高（泉山）,"1.仕様書を細かく確認し、仕様漏れが無い様図面へ確実に反映させ図面変更の手間を無くし余計な設計工数を発生させない。

2.仕様書に記載無い客先要求事項は追加変更扱いとしエビデンスを残す。","　※顧客窓口及び図面C&R・社内試験等の実務は全て泉山社員
　　　にて実施。（日高はフォローのみ）
目標?@：既設盤改造案件業務遂行能力向上
課題 　：製作、停電等のスケジュール管理能力を鍛える
方策 　：各スケジュールを可視化させて、タスクの整理、優先順位を
　　　　　 適切につけさせ業務を行う
目標?A：労務安全書類作成の確実な運用
課題　 ：グリーンサイトの操作方法や手続きをマスターし知見者となる
　　　　　　（今後の活用のためにフローチャート等の作成を実施する）
方策　 ：目的を理解させて、知識向上と意識を変えさせる","＜想定リスク＞
・盤内機器長納期化による納期遅延
＜対応策＞
・製作ベンダーを交え、進捗管理を密に行う。(最低月１回実施）
・設計図書のチェックを早急に行い、機器手配を早めにかける。
　各メーカー納期確認を随時実施する。", , , , , ,要,2022/09/01 0:00:00,2022/11/01 0:00:00,2023/01/01 0:00:00, ,2022/12/01 0:00:00,2022/12/01 0:00:00,2022/10/12 0:00:00, , , , , , ,0,2052032
41,94653590,327960,2023-05-30T11:33:45+09:00,2023-05-30T11:43:41+09:00,非常に満足,設備の状態を見据えた親身な忠告、適切な対応に満足しております。,非常に満足,非常に満足,非常に満足,非常に満足,非常に満足,非常に満足,非常に満足,非常に満足,多数の追加件名への適切で迅速な対応、非常に感謝しております。,非常に満足,非常に満足,"毎日の仮報告のおかげで、早急な対応に繋がっていること感謝しています。
今後も継続下さい。",非常に満足,非常に満足,満足,非常に満足,当工場の内情を十分に理解して頂いた上での、適切なアドバイス＆ご対応に非常に満足しております。,なし,なし,1年以内,*,*,2050082,【BS結果報告】2023年4月　守山3号ボイラー定修工事,旭化成(株) 守山動力課,"32,800","32,800",K,フォロー,2023/01/25,2023/02/16,2023/05/31,BWK400 営業第一（大阪駐在),尾崎 文俊,YW5S20 守山ＡＩＴグループ,藤井 孝太郎, , , , , , , ,受注(注文書受領),YW5S20 守山ＡＩＴグループ,BWK400 営業第一（大阪駐在),旭化成,国内,契約先と同じ, ,対象外,調査不要,プラント事業部（共通,桑原 武,プラントライフ技術部共通,福永 辰也,営業統括部（共通）,若林 健,調達部,佐藤 伸明,守山ＡＩＴグループ,木村 裕一,営業第一（大阪駐在),辰 雅俊,"・断熱作業　有
・断熱作業概算金額：
・電子報告：　",請負工事,金額基準,標準案件,ＰＬ／メンテ／定修工事,電力・ガス, , , ,2023/08/07 0:00:00,福永、佐藤、木村、辰、木下、尾崎、藤井,2023年4月　守山3号ボイラー定修工事,旭化成（株）　守山製造所　守山設備技術部,滋賀県守山市小島町５１５,"2023年4月　守山製造所　守山動力課
守山動力3号CG設備の定修工事
ドラム・ボイラー損傷確認検査（信頼性）
ガスコン定期整備を実施する。
","1）3号ボイラー定期整備
2）3号ボイラー信頼性検査・補修
3）3号ガスコン定期整備
4）定修安全管理
",2023/5/25,藤井　孝太郎,"・3号ボイラー定期整備は、法的な実施内容を抜けなく計画に反映し、品質を確保する。（ボイラー官検合格する）
・ボイラー信頼性検査は、過去の補修部のフォロー検査を行い、損傷がある場合は、適切な補修方法を提案する。
・ガスコンは、初回の定期整備であるが、定期自主検査要領に沿って、計測器の校正確認を実施する。","?官検に合格する：ボイラー定期整備で実施する法定検査の内容を確認し、測定方法や記録書及び校正記録を準備する。
?ガスコン定期整備を満足する：測定器の校正記録の確認を行い、測定部が許容値以内であるか確認する。
?無事故、無災害での完遂：事前に錯綜会議で他社との作業調整を行うとともに、現場巡視による安全の確認・指導を実施する。
?品質確保：検査員へ検査目的（他号機の事例等）を伝え、 検査目的に沿った結果を得られるようにする。
","・検査目的及び成果物を意識して、検討を進める。
・損傷を検出した場合は、客先と十分に協議した上で客先の判断にて補修を決定する。定修期間中に補修ができない場合は、客先と相談して来期での実施を検討とする。
　（工期延長ができない・早期対応不要の不具合等）",適切な検査整備の実施と施工品質を確保する,"・計画通りにボイラー整備が実施でき、官庁検査合格したが、給水系の弁類は、シート面に顕著な腐食が見られるので、次回取替を提案する。
・ボイラー信頼性検査は、過去に実施した補修の効果があり、割れ等の損傷は見られないが、過熱器U部の熱歪が顕著であり、次回補修を提案する。
・ガスコン定期整備は、計画通り実施できたが、モーターベースの歪があり、アライメント調整が難しくなってきている為、ベースの強化加工を提案する。","?不具合箇所の処置等を行い、官庁提出書類に反映し、必要書類の準備も含めて、滞りなく官庁検査前に書類の提出を実施した。
?計測機器や法定検査要領書に沿った検査を実施し、許容値以内であった。
?統括安全体制で　安全パトロール、錯綜調整を行い、ヒヤリ件数0で工事を完遂した。
?検査目的、検査内容等を説明し、補修要否の判断ができるようなに検査方法（記録書）を行い補修を行った。","3号設備は全体的に老朽化が進んでおり、弁、配管等の漏れが多く、検討していないパッケージ天井から雨漏りが発生し補修対応を実施した。
2027年廃棄予定ではあるが、設備全体の老朽化対策を客先と相談しながら実施する。",次回の信頼性検査及び取替等が必要な弁など報告書に反映した。,要,2023/03/01 0:00:00, ,2023/04/01 0:00:00, ,2023/03/01 0:00:00,2023/05/01 0:00:00, , , , , , , ,0,2050082
42,94721212,324035,2023-05-31T18:37:56+09:00,2023-06-14T18:39:49+09:00,非常に満足,・PLC関係の納期の延伸について、週報等の対応をいただけたため,不満,不満,不満,満足,非常に満足,不満,非常に満足,非常に満足,"PLCの納期対応（NRT072）
→代理店からの遅延の情報をそのまま、弊社にご連絡されたたため、
　詳細確認や調整を行ってから、連絡来てほしかったです。
→その後、「週報」や「製作順番入れ替え」などで確認・対応頂けたことは大変うれしく思います。",非常に満足,非常に満足,・完成図書類・取説類の提出は非常に早かったです。,どちらでもない,非常に満足,非常に満足,どちらでもない,*,1年以内,1年以内,1年以内,*,*,2048668,【BS結果報告】NRT072　LINDA1500導入案件(機器納入),富士電機(株) 生産・調達本部,"22,680","22,600",K,フォロー,2020/11/19,2022/02/08,2022/12/30,EW7320 ＬＩＮＤＡ　Ｇｒ,藤原 悠貴,EW7320 ＬＩＮＤＡ　Ｇｒ,藤原 悠貴, , , , , , , ,受注(注文書受領),EW7320 ＬＩＮＤＡ　Ｇｒ,EW7320 ＬＩＮＤＡ　Ｇｒ,その他,国内,(国内)その他,相模原　A社,対象外,調査不要,ＥＩＣＳ事業部,多田 信嗣,電気技術部部付,藤原 英二,電気技術部部付,藤原 英二, , ,ＬＩＮＤＡ　Ｇｒ,若林 博文,ＬＩＮＤＡ　Ｇｒ,若林 博文, ,請負工事,金額基準,標準案件,EICS／電気/LINDA点検機器,情報・通信, ,対象, , , , , , , , , , , , , , , , , , , , , , , , , , , , , , , , , ,2048668
43,94725024,324049,2023-05-31T18:56:16+09:00,2023-05-31T19:06:24+09:00,非常に満足,いつも即応してもらえるので非常に助かっております。,非常に満足,非常に満足,非常に満足,非常に満足,非常に満足,非常に満足,非常に満足,非常に満足, ,非常に満足,非常に満足,*,非常に満足,非常に満足,大体満足,どちらでもない,他社製品の扱いが無いので比べられませんが、こちらからのシステム構成の連絡に対して的確に修正や改善を提案していただいております。コストについては現時点で不満ということではありませんが、他社製品より高価な装置であることは間違いないので今後の課題なのではないかと思います。,なし,なし,なし,*,*,2050522,【BS結果報告】梅田3丁目LINDA1500(盤一式),ﾐﾄﾞﾘ安全(株) 電気計測事業部,"10,550","10,550",K,顧客満足,2022/01/26,2022/02/09,2023/01/31,EW7320 ＬＩＮＤＡ　Ｇｒ,藤原 悠貴,EW7320 ＬＩＮＤＡ　Ｇｒ,藤原 悠貴, , , , , , , ,受注(注文書受領),EW7320 ＬＩＮＤＡ　Ｇｒ,EW7320 ＬＩＮＤＡ　Ｇｒ,その他,国内,(国内)その他, , ,調査不要,ＥＩＣＳ事業部,多田 信嗣,ＥＩＣＳ事業部,多田 信嗣,ＥＩＣＳ事業部,多田 信嗣, , ,電気技術部部付,新保 雅之,ＬＩＮＤＡ　Ｇｒ,若林 博文, ,請負工事,金額基準,標準案件,EICS／電気/LINDA点検機器,サービス, , , ,2023/02/22 0:00:00,多田事業部長、金口ｓ、新保部長、若林Gr長、藤原(悠),梅田3丁目LINDA1500(盤一式),ミドリ安全,梅田3丁目計画(仮称)建設工事 殿,"・複合ビル新築に合わせて
　LINDA1500V3-Mを新規導入
・商流：東芝インフラ→MA→AEC
・LINDA1500V3-M標準仕様
・3バンク構成、測定フィーダー34本
　EVT4基(10A)、GTR2基(10A)構成
・測定盤1面、線路切替盤2面　屋内列盤構成
","1.LINDA1500の設計製作・納入
2.図面、完成図書作成
",2022/10/31,藤原　悠貴,"1）設計図面、製作仕様のヒアリングを行い、追加工事を出さないようにする。
2）客先要求を明確にし、発注管理を行い利益を確保する。
","書類修正や仕様変更を要求される可能性がある。
→・仕様及び指示内容を明確化しエビデンスを得る。
 ・ベンダーに正確な指示を出す。
・時間を掛けずに正確な書類作成を心掛ける。
 ・別案件のLINDA製作時期と被る為製作状況の確認を適宜行う。
","・工程遅れ、検収漏れ、品質低下を起こさないようにミドリ電子との報告連絡を密にして、一体となって工程管理、検収・チェックを確実に行う。
・部品の納期遅延状況により客先希望の納期(2022/10月末)確約出来ないこと連絡済み。
","・盤塗装色は指定色となることが濃厚
⇒客先回答待ち、特殊色の場合別費用了承済み。
・昨今の部品納期遅延状況を考慮しAECでも部材を確保しておくべきか検討する。","・PLC長納期品をAECから支給
・市場調達にて定価で購入したことにより若干の割増","・仕様確認書で仕様を管理しMDに正確な製作指示を出した。
・MDの負荷状況等を共有し無理のない製造工程でスケジュール調整を行った。","・長納期品の早期手配を実施したが、PLC一部機器は間に合わないことが判明した。
・納期優先かつ完納が条件であったため、不足品の市場調達を行い納期遵守した。","・塗装仕様5Y7/1(半艶)⇒5Y7/1(7分艶)へ変更となったがメディコン盤が無くなったため費用を相殺し受発注金額の増減なし。
・向こう1年分の実施案件(12?14件)のPLC部品はほぼ確保済み",要,2022/04/01 0:00:00, , , ,2022/04/01 0:00:00,2022/04/01 0:00:00,2022/06/06 0:00:00, , , ,2022/06/06 0:00:00,2022/06/06 0:00:00, ,0,2050522
44,94758880,322713,2023-06-01T08:34:57+09:00,2023-06-01T10:02:02+09:00,非常に満足,細かい所まで気付きの連絡をいただいたので、安心して工事できました。,満足,非常に満足,非常に満足,非常に満足,非常に満足,満足,大体満足,満足,従来通りの品質,非常に満足,非常に満足,*,満足,非常に満足,満足,どちらでもない,他社の状況不明,未定,５年以内,1年以内,6年先まで予約済み,*,2047584,【BS結果報告】ローム浜松特高変電所移設に伴うLINDA1500更新(機器納入),ﾛｰﾑ浜松株式会社     ,"14,200","14,200",K,顧客満足,2021/06/01,2021/10/15,2022/11/30,EW7320 ＬＩＮＤＡ　Ｇｒ,木田 龍也,EW7320 ＬＩＮＤＡ　Ｇｒ,木田 龍也, , , , , , , ,受注(注文書受領),EW7320 ＬＩＮＤＡ　Ｇｒ,EW7320 ＬＩＮＤＡ　Ｇｒ,その他,国内,契約先と同じ, , ,調査不要,ＥＩＣＳ事業部,多田 信嗣,電気技術部部付,藤原 英二,電気技術部部付,藤原 英二, , ,電気技術部部付,藤原 英二,ＬＩＮＤＡ　Ｇｒ,若林 博文, ,請負工事,金額基準,標準案件,EICS／電気/LINDA点検機器,電子・情報材料,LINDA導入済み新設特高変電所へ追加導入, , ,2023/01/26 0:00:00,多田s、金口s、新保ｓ、若林ｓ、木田,ローム浜松特高変電所移設に伴うLINDA1500更新(機器納入)  ,ローム浜松株式会社,ローム浜松株式会社　特高変電所,"・特高変電所更新に伴い、既設LINDA1500の　更新を行う。(既設は2000年納入）
・商流：ローム浜松殿→AEC
・LINDA1500V3-M標準仕様・2バンク構成、測定線路30本(No.1系15本、No.2系15本)、　EVT5基（10A）構成
・測定盤1面、線路切替盤2面(標準仕様)、　LINDA?PC間は光通信
・既設LINDAとの連携が必要","1.LINDA1500の設計製作
2.立会試験、納入
3.図面、完成図書作成",2022/12/31,木田,1）設計図面、製作仕様のヒアリングを行い、追加工事を　出さないようにする。2）客先の変電所更新内容を詳細に把握し、既設からの変化を確認する。3）客先要求を明確にし、発注管理を行い利益を確保する。,ＪＯＢ遂行目標と課題及びその達成の方策・指示内容を明確化しエビデンスを得る。・ベンダーに正確な指示を出す。・時間を掛けずに正確な書類作成を心掛ける。・別案件のLINDA製作時期と被る為製作状況の確認を適宜行う。,想定リスク・機会と対応策評価項目　・昨今の部品・機器の納期遅延の影響が出る恐れあり。,　・MDの負荷大により、図面作成、製作期間に影響が出る恐れあり。　　→余裕を持った手配と、フォローを行う。,"1）実行計画とほぼ予想通りで完了。　
比例費：　予想7,925k\　→　実績7,868k\  
工数：　予想160h → 実績165h","目標・課題の達成結果
・事前打ち合わせ等を綿密に実施し、仕様変更（追加）なしで完遂
・仕様確認書で仕様を管理しミドリ電子に正確な指示を出した。
・ミドリ電子と製作スケジュールを共有し負荷状況を把握し無理のない　調整を実施した。","リスク・機会管理実績（件名と発生損失 ｋ￥）
・長納期品は早期手配を実施したが、PLC一部機器は間に合わない　ことが判明したが、市場調達等を駆使し、納期に間に合うよう手配した。", ,要, , , , ,2022/06/01 0:00:00,2022/06/01 0:00:00, , , , ,2022/06/06 0:00:00,2022/06/06 0:00:00, ,0,2047584
45,94761595,324994,2023-06-01T09:51:05+09:00,2023-06-01T09:56:33+09:00,どちらでもない,営業さんを知らない,非常に満足,非常に満足,どちらでもない,満足,満足,大体満足,非常に満足,満足,長いお付き合いによる信頼感がある,満足,満足,必要十分,満足,満足,どちらでもない,大体満足,"長年の付き合いによる信頼感がある。
コストは頑張っていただきたい。",未定,未定,未定,今後IDCでは22kV配電が主力になると思われる。,ベテランが抜けた後が心配,2048670,【BS結果報告】NRT056　LINDA1500導入案件(機器納入),富士電機(株) 生産・調達本部,"15,110","15,100",K,フォロー,2021/04/06,2022/04/21,2023/01/30,EW7320 ＬＩＮＤＡ　Ｇｒ,藤原 悠貴,EW7320 ＬＩＮＤＡ　Ｇｒ,藤原 悠貴, , , , , , , ,受注(注文書受領),EW7320 ＬＩＮＤＡ　Ｇｒ,EW7320 ＬＩＮＤＡ　Ｇｒ,その他,国内,(国内)その他,相模原　A社,対象外,調査不要,ＥＩＣＳ事業部,多田 信嗣,電気技術部部付,新保 雅之,電気技術部部付,新保 雅之, , ,ＬＩＮＤＡ　Ｇｒ,若林 博文,ＬＩＮＤＡ　Ｇｒ,若林 博文, ,請負工事,金額基準,標準案件,EICS／電気/LINDA点検機器,情報・通信, ,対象, ,2023/02/22 0:00:00,多田事業部長、金口ｓ、新保部長、若林Gr長、藤原(悠),NRT056　LINDA1500導入案件(機器納入),富士電機,NRT056,"・特高変電所増設に合わせLINDA1500V3-Mを新規導入
・商流：A社→富士電機→AEC
・2バンク構成、測定フィーダー18本、(将来用14本含)、EVT2台(将来用2台)、GTR2台(将来用2台)構成
・測定盤1面、線路切替盤2面構成
・盤設置,配線工事は富士電機所掌
","1.LINDA1500の設計製作・納入
2.図面、完成図書作成
",2023/1/20,藤原　悠貴,"1）設計図面、製作仕様のヒアリングを行い、追加工事を出さないようにする。
2）客先要求を明確にし、発注管理を行い利益を確保する。
","書類修正や仕様変更を要求される可能性がある。
→・仕様及び指示内容を明確化しエビデンスを得る。
 ・ベンダーに正確な指示を出す。
 ・時間を掛けずに正確な書類作成を心掛ける。
  ・別案件のLINDA製作時期と被る為製作状況の確認を適宜行う。
","・工程遅れ、検収漏れ、品質低下を起こさないようにミドリ電子との報告連絡を密にして、一体となって工程管理、検収・チェックを確実に行う。
", ,"・CBの加工要求有り。追加で受注
・PLC長納期品をAECから支給
予想より微減となったが直販利益20%確保出来た",納期が迫る中での急な追加要求に対してAECで対応可能な範囲、客先にて実施してもらう範囲を明確化しトラブル等無しで納品した。,"・長納期品を早期手配を実施したが、PLC一部機器は間に合わないことが判明した。
・市場調達を行い、納期遵守した。
", ,要,2022/06/01 0:00:00, , , ,2022/06/01 0:00:00,2022/06/01 0:00:00,2022/06/06 0:00:00, , , ,2022/06/06 0:00:00,2022/06/06 0:00:00, ,0,2048670
46,94804965,328111,2023-06-02T15:52:22+09:00,2023-06-02T15:53:49+09:00,満足,*,大体満足,大体満足,大体満足,大体満足,大体満足,大体満足,大体満足,大体満足,*,大体満足,どちらでもない,*,大体満足,大体満足,大体満足,大体満足,*,未定,５年以内,５年以内,*,*,2055751,【BS結果報告】2023年5月配電設備定期点検 ,(株)ﾌﾞﾘﾁﾞｽﾄﾝ 横浜工場,"16,400","16,400",K,PJ結果,2023/01/10,2023/03/07,2023/05/31,AWK400 営業第一グループ,神谷 敏之,FW7310 テクノＳ東日本Ｇ,齋藤 善仁, , , , , , , ,受注(注文書受領),FW7310 電気技術東日本（川崎）,AWK400 営業第一グループ,その他,国内,契約先と同じ, ,対象外,調査不要,ＥＩＣＳ事業部,多田 信嗣,電気技術部部付,新保 雅之,営業統括部（共通）,若林 健, , ,電気技術東日本（川崎）,黒沢 祐介,営業第一グループ,増田 秀幸, ,請負工事,金額基準,標準案件,EICS／電気/点検、検査,ゴム・ガラス・窯業, , , , , , , , , , , , , , , , , , , , , , , , , , , , , , , , , , , ,2055751
47,94920953,323672,2023-06-05T08:58:24+09:00,2023-06-05T09:07:17+09:00,満足,見積依頼時の対応が早いため,大体満足,大体満足,大体満足,満足,大体満足,大体満足,満足,満足,弊社の業務になれている為、意思疎通が早い。,大体満足,大体満足, ,大体満足,満足,どちらでもない,大体満足, ,未定,未定,未定,*,特に無し,2048199,"【BS結果報告】SS5,6アルカリ洗浄排水単独化　防爆計装工事",ｷﾔﾉﾝ(株) 調達本部 購買ｾﾝﾀｰ 生産機器調達部 生産機器調達第一課,"18,000","18,000",K,フォロー,2021/10/01,2021/12/23,2023/05/29,AWK400 営業第一グループ,神谷 敏之,CW7220 計装制御技術九州,夏田 智基, , , , , , , ,受注(注文書受領),CW7220 計装制御技術九州,AWK400 営業第一グループ,その他,国内,(国内)その他,OCM大分,対象外,調査不要,ＥＩＣＳ事業部,多田 信嗣,計装制御技術部共通,佐藤 弘文,営業統括部（共通）,若林 健, , ,計装制御技術九州,大塚 貞治,営業第一グループ,増田 秀幸, ,請負工事,金額基準,標準案件,EICS／計装制御/改善、更新エンジ,塗料・インク,"2021年4月工事として2020年7月20日に取組承認頂きましたが、一旦中止となりました。BS上一旦中止処理しましたが、今回継続案件として案件復活しました。2022年5月工事にて実施予定となります。


""大分キヤノンマテリアルは当社が建設当初から関わっており、例年数千万規模の設備増設、改造工事を
実施している。2021年5,6月工事予定であり、同時期に複数案件の計画がある。一括受注を目指し、
何としても取りに行く。""",対象,2041411.0,2022/12/26 0:00:00,合田s、多田s、渡辺s、若林ｓ、大塚s、増田s、小田s神谷ｓ、岩田s、夏田,"SS5,6アルカリ洗浄排水単独化　防爆計装工事 ",ｷﾔﾉﾝ 株式会社 調達本部 購買ｾﾝﾀｰ 生産機器調達部 生産機器調達第一課,大分県大分市丹生993-1,"トナー製造プラントにおいて、
以下の改造を実施する。
1.SS-5,6E,Fブロック
・既設設備改造に伴う電計工事","1. 盤改造
　 動力盤、制御盤、電磁弁盤
2. 電計工事
　 配線工事／空気配管工事/重量物
3. ソフト
　 SS-5,6D,E,Fブロック
　 PLC､TPソフト
4. 試運転",2023/5/29,夏田　智基,"１．設計/施工仕様を明確にし、客先から図面承認を得て着手する。
　　機器/盤内部品は、購入品リストを作成し客先承認を得て手配する。
　　※盤内部品は図面承認を得る前に先行手配する(長納期品対応)
　　また、手直し工事を無くすためにもＰＪ管理を密に行い履行状態をきっちり確認する。
２．仕様変更については追加変更指示書を運用し、追加/減額となる項目
　　を客先と共有の上、対応を決定する。
　　","目標:キヤノン案件における工事全体の一括管理の実施。
　　　 過去案件では小田社員をPMとし工事全体を管理している。
　　　 本工事では夏田をPMとし工事全体を管理する。

課題:チームの業務が円滑に進むよう指揮を取れるようになる。
　　　 案件遂行のために細かな指示及びフォローが出来るようになる。

方策:メンバーに依頼した業務について、進捗状況や内容確認をこまめ
　　　 に実施し、フォローする。","<リスク1>
　 本案件は5月?6月中旬の工事期間となっており、5,6月はAK休転
　 と重なり、盤改造の作業員不足が懸念される。
<対 策1>
　 大分メディカル休転がGW期間、HP日向休転が5/21?6/1、愛宕休転が7月?
　 実施される為、5/9?20、5/30?6/10に盤改造作業ができるよう工程を調整
　 する。※休転スケジュールが流動的な為、今後の動向にも気を配る

<リスク2>
  機器及び盤内部品に関して長納期品が多く工事に影響することが懸念される。
<対 策2>
　機器/盤内部品等含め細かく納期確認を実施する。
　客先へ購入部品リストを提出し、承認を得てから手配する。
　納期が厳しいものについては分かった時点で客先に相談し客先に在庫が
　ないか確認する。又は、その他仕様変更による対応が可能か検討する。
　
<リスク3>
　休転工事で多くの企業が入場する為コロナウィルス感染が懸念される。
　また、予防対策によるマスク着用で熱中症を発症する可能性が高い。
<対 策3>
　コロナ対策：マスク着用を徹底する。三密を回避する。こまめに手洗いうがいをする。
　　　　　　　　　定期的に控所の消毒及び換気をする。パーテーションを設置する。
　　　　　　　　　食事中は黙食する。車の乗り合わせ時は、窓を開け会話を控える。
　熱中症対策：こまめな休憩(水分、塩分の摂取)をとる。
　　　　　　　　　定期的な作業エリア巡視及び作業員同士で声掛けにて体調確認を行う。", ,"本契約の実績としては、デバッグ会場費用や若手教育費用で計画時より1M\程の追加費用が発生したが、追加変更にてカバーし利益率は15％以上を達成することができた。

《方策の結果について》
１．設計/施工に関しては、客先から図面承認を得てから着手することができた。
　　長納期品については、リストを作成して早期手配の許可を得ることができた為、ほとんどの購入機器を納期内に納めることができた。納期に間に合わない機器については客先遊休品にて対応し、後日購入機器を納品した。
　　また、こまめなPJ管理を実施し、手直し工事を低減することが出来た。
２．仕様の変更/追加に関しては、工事期間の延期により時間が出来たため新たな仕様書にてご注文頂く事が出来た。※突発的な仕様変更はなかった。","夏田をPMとした工事体制で、安全/品質/納期を守り工事を竣工することが出来た。

課題であったチームメンバーの業務フォローについては、日々のチームミーティングやホテル⇔現場間の移動時間を使った打合せにて実施できた。
しかし、客先や協力企業からの問い合わせについて報告を受けきらず、タイムリーに回答させることができなかった。
上記については、工事終盤に中堅メンバーの増員により解決できた。
また、工事完了後にPJメンバーで今後の対策についての検討会を実施し、下記課題が上がった。
・チームメンバーの能力把握
・メンバーへ適した業務振り分け","〈実績1〉
　工事実施時期が延期となり他のAK休転と重なったが、早い段階から工程調整を実施できたことで、問題なく
　施工するできた。

〈実績2〉
　長納期品については、購入部品リストの作成および定期的な客先共有を実施したことで、不足部品について
　客先の遊休品を支給頂き工事を遅らせることなく対応できた。

〈実績3〉
　コロナ対策については、下記事項を徹底することで最小限に抑え(1名の感染者を出てしまった。)、工事の遅れを出すことなく施工出来た。
　・日々体調/体温 管理
　・マスク着用　の呼びかけ
　・こまめな手洗い/うがい/消毒　の呼びかけ
　・控え所の換気/消毒
　・黙食
　・パーテーションの設置
　熱中症対策については、下記事項を徹底することで熱中症ゼロを達成することができた。
　・日々体調/体温 管理
　・こまめな水分/塩分の摂取　※スポーツドリンクや塩分ゼリーを用意
　・カナリア(熱中対策watch)の着用　※屋外作業員用
　・定期的な現場巡視及び作業員同士での声掛けにて体調確認",月1回PJ会議を実施し、上長と進捗/課題の共有を行った。,要,2022/02/01 0:00:00,2022/03/01 0:00:00,2022/04/01 0:00:00, ,2022/04/01 0:00:00,2023/05/01 0:00:00,2022/01/26 0:00:00, , , ,2022/08/19 0:00:00,2023/05/06 0:00:00, ,0,2048199
48,94936609,323447,2023-06-05T13:50:13+09:00,2023-06-05T13:55:40+09:00,満足,メール等含めて、問い合わせに迅速な対応頂けたからです。,満足,満足,満足,満足,満足,満足,満足,満足,特に問題もなく順調に作業が完了した為,満足,満足,迅速に報告書の提出、作成頂けた為,満足,満足,満足,満足,順調に作業完了実施できたため,未定,未定,未定,特に予定ございません。,特にございません,2048287,【BS結果報告】ニプロ大館 LINDA1500V3-M増設(機器納入) ,ﾐﾄﾞﾘ安全(株) 電気計測事業部,"11,700","11,700",K,顧客満足,2021/11/01,2021/12/01,2022/09/30,EW7320 ＬＩＮＤＡ　Ｇｒ,木田 龍也,EW7320 ＬＩＮＤＡ　Ｇｒ,木田 龍也, , , , , , , ,受注(注文書受領),EW7320 ＬＩＮＤＡ　Ｇｒ,EW7320 ＬＩＮＤＡ　Ｇｒ,その他,国内,(国内)その他,ニプロ大館工場, ,調査不要,ＥＩＣＳ事業部,多田 信嗣,電気技術部部付,新保 雅之,電気技術部部付,新保 雅之, , ,電気技術部部付,新保 雅之,ＬＩＮＤＡ　Ｇｒ,若林 博文, ,請負工事,金額基準,標準案件,EICS／電気/LINDA点検機器,医療機器,LINDA販売戦略上、核となる商品である。, , ,2022/10/27 0:00:00,多田s、金口ｓ、新保ｓ、若林ｓ,ニプロ大館 LINDA1500V3-M増設(機器納入),ミドリ安全株式会社,ニプロ大館工場,"・LINDA1500V3-Mの新規導入案件 
・商流：ユアテック→ミドリ安全→AEC 
・1バンク構成、測定フィーダー10本、EVT1基（10A）、GTR1台(20A)構成 
・測定盤1面、線路切替盤1面　屋外列盤構造 
・GTR（20A)仕様の為、LINDA盤内一部改造が発生する。 
　コンデンサ数、アレスタサイズ、測定時間変更 
","1.LINDA1500の設計製作
2.立会試験、納入
3.図面、完成図書作成
　(試運転は別発注)
",2022/8/31,木田,"1）設計図面、MA担当者様のヒアリングを行い、追加工事を
　出さないようにする。
2）客先要求を明確にし、発注管理を行い利益を確保する。
","書類修正や仕様変更を要求される可能性がある。
→・仕様及び指示内容を明確化しエビデンスを得る。
　 ・ベンダーに正確な指示を出す。
　 ・時間を掛けずに正確な書類作成を心掛ける。
　　(例：類似件名で作成した資料を流用）
   ・別案件のLINDA製作時期と被る為製作状況の確認を適宜行う。
　　（製作工程リストを活用）
",工程遅れ、品質低下を起こさないようにMA担当者様MD担当者様との報告連絡を密にして、一体となって工程管理、検収・チェックを確実に行う。, ,"GTR30A仕様に対応する為、標準外仕様となっており、その設計部分のほとんどをMDに依頼せずAECにて対応し、コスト削減
1）MDの設計費削減
2）AEC工賃増","・仕様変更があった際は都度仕様確認書を発行し、書面でMDへ指示した。
・全件名のスケジュール表を作成し、MDと共有して製作状況を把握、コントロールした。",工程遅れもなく、無事に完遂した。,PJ報告会→10/27実施（BS上で承認申請忘れ）,不要,2022/01/01 0:00:00,2022/01/01 0:00:00, , ,2022/01/01 0:00:00, , , , , , , , ,0,2048287
49,94939619,327925,2023-06-05T15:10:39+09:00,2023-06-05T15:22:24+09:00,非常に満足,問題発覚時の迅速な対応を感謝しております。,非常に満足,非常に満足,非常に満足,非常に満足,非常に満足,非常に満足,非常に満足,非常に満足,整備責任の当事者となって、迅速かつ親身に取り組んで頂き、有難く感じています。,非常に満足,非常に満足,*,非常に満足,非常に満足,非常に満足,非常に満足,ホットパーツ損傷軽減による、整備費用削減は非常に感謝しています。,なし,なし,なし,*,守山地区でのガスタービンは最重要機器の為、今後も安定稼働継続にご助力下さい。,2050558,【BS結果報告】2023年4月　守山3号ガスタービン定期整備,旭化成(株) 守山動力課,"13,050","13,050",K,フォロー,2023/01/25,2023/02/15,2023/05/31,BWK400 営業第一（大阪駐在),尾崎 文俊,YW5S20 守山ＡＩＴグループ,藤井 孝太郎, , , , , , , ,受注(注文書受領),YW5S20 守山ＡＩＴグループ,BWK400 営業第一（大阪駐在),旭化成,国内,契約先と同じ, ,対象外,調査不要,プラント事業部（共通,桑原 武,プラントライフ技術部共通,福永 辰也,営業統括部（共通）,若林 健,調達部,佐藤 伸明,守山ＡＩＴグループ,木村 裕一,営業第一（大阪駐在),辰 雅俊, ,請負工事,金額基準,標準案件,ＰＬ／メンテ／定修工事,電力・ガス, , , ,2023/08/07 0:00:00,福永、佐藤、木村、辰、木下、尾崎、藤井,2023年4月　守山3号ガスタービン定期整備,旭化成　守山設備技術部,滋賀県守山市小島町５１５,"2023年4月　守山製造所　守山動力課
守山動力3号GT設備の定修工事
簡易点検、アライメント調整
始動用モーター定期整備
","1）3号ガスタービン定期整備（C点検）
2）3号ガスタービン減速機ー発電機
   アライメント
3）3号ガスタービン始動用モーター
定期整備
",2023/5/31,藤井　孝太郎,"・ガスタービン簡易点検（C点検）において、過去に検出した高温部の損傷部を周知して、点検を実施する。
・ガスタービンアライメントは、基準値の1/2以内で調整する目標とする。
・始動用モーター定期整備において、過去に処置した軸受けハウジングの摩耗状況を確認し、許容値を外れている場合は、補修を提案する。","?簡易点検を確実に実施する：制御系の電気トラブル事例が多い為、ケーブル類の点検を実施する。
?損傷を検出した時の処置：交換部品の在庫、メーカー工場の状況を事前に確認する。
?無事故、無災害での完遂：事前に錯綜会議で他社との作業調整を行うとともに、現場巡視による安全の確認・指導を実施する。
?品質確保：点検員へ点検目的（過去の事例等）を伝え,点検目的の漏れがないようにする。
","・点検目的及び成果物を意識して、検討を進める。
・損傷を検出した場合は、客先と十分に協議した上で客先の判断にて補修を決定する。定修期間中に補修ができない場合は、客先と相談して来期での実施を検討とする。
　（工期延長ができない・早期対応不要の不具合等）",適切な整備の実施と施工品質を確保する,"・ガスタービン簡易点検（C点検）：、過去の損傷箇所を含めて点検異常なし
　次回、B点検にて高温部の損傷程度を確認し、取替を提案する。
・ガスタービンアライメントは、基準値の1/2以内で調整した。
・始動用モーターの軸受けハウジングは今回異常なし。
","?簡易点検を確実に実施する：今回も同様に制御系のケーブル及びセンサー
  の異常（断線）が見られ、取替を行った。
　（次回も制御系のケーブル、センサーの点検を重点的に実施する）
?C点検にて異常が見られなかったが、在庫部品等は事前に確認した。
?統括安全体制で　安全パトロール、錯綜調整を行い、ヒヤリ件数0で工事を完遂した。
?点検目的、検査内容等を説明し、補修要否の判断ができるようなに検査記録書へ反映した。","3号ガスタービン本体は、2022年4月にリニューアル換装工事を
行っているが、他の設備（制御弁、調整弁など）の老朽化が懸念される
為、履歴を確認し、取替及び整備を提案する。",今回、異常がなくガスタービンの起動できた。,要,2023/02/01 0:00:00, ,2023/04/01 0:00:00, ,2023/03/01 0:00:00,2023/04/01 0:00:00,2023/02/23 0:00:00, ,2023/04/03 0:00:00, ,2023/04/27 0:00:00,2023/05/17 0:00:00, ,0,2050558
50,95007117,318043,2023-06-07T10:05:41+09:00,2023-12-07T16:04:52+09:00,非常に満足,期限内に見積りの提出や購買への説明などを迅速かつ丁寧に実施していただいた。,非常に満足,非常に満足,非常に満足,非常に満足,非常に満足,非常に満足,非常に満足,非常に満足,"製缶機器のコニカル角度の違いで溶接工数が変わりコストダウンできる提案をしていただいた。そのほかにポンプの振動軽減対策のため、いくつか対策案を提示していただき、振動軽減することができた。
工事側では常に現場で各企業の進捗や安全管理をして、工期内に工事完了し、無事故無災害で完工できた。",非常に満足,非常に満足,"毎月月例会や安全衛生協議会を開催し、随時立会い日程調整や追加内容（金額）の報告していたため、工場側に報告しやすかった。
本体および追加工事が完工して検収日までに完成報告書を提出していたため特に問題なし。",非常に満足,非常に満足,満足,非常に満足,"提案力や問題解決力は特に他社に比べて高く、一緒に仕事をしていてとても助かる場面が多かった。また貴社から学べることが多く、自身の成長にもつながったと思う。
コストに関してはどうしても工事＋経費がかかってしまうため高いと感じるが、現場管理や業者との打合せなどの負担軽減と考えればあまり気にしない。",なし,1年以内,1年以内,"[回収工程]
・NAS#1-#2設備移設　⇒　24/3～9：事前検討、25/1～12：工事
・回収工程架構撤去　 　⇒　24/1～5：事前検討、25/2～26/6：工事
・AR工程更新　　　　　⇒　22/11～25/12：事前検討、25/6～27/12：工事
[用水工程]
・工業塩溶解設備　　　⇒　23/5～24/6：事前検討、25/10～26/12：工事
※上記の4件名はすでにAECと検討開始中。",*,2028305,【BS結果報告】NAS＃３増設工事,旭化成(株) 延岡 ﾍﾞﾝﾍﾞﾙｸﾞ工場,"1,038,905","1,018,545",K,フォロー,2019/10/01,2020/06/03,2023/03/31,CWK400 営業第二グループ,宮田 宣明,CW5T30 九州エリア事業グループ,古田土 久, , , , , , , ,受注(注文書受領),CW5T30 九州エリア事業グループ,CWK400 営業第二グループ,旭化成,国内,契約先と同じ, , ,調査不要,全社共通(役員),岡田 一郎,プラント事業部（共通,桑原 武,営業統括部（共通）,若林 健,調達部,佐藤 伸明,九州エリア事業グループ,安井 理雄,営業第二グループ,松山 毅, ,請負工事,金額基準,標準案件,プラント／ＡＫＧｒ向け国内建設業務,繊維, , , ,2023/12/12 0:00:00, ,NAS#3増設工事,旭化成?ベンベルグ工場殿,延岡市旭町4丁目4300-1,"・本工事は、排水中に含まれるアンモニアをイオン交換樹脂により回収／再利用する工程(NAS)の能力増強工事である。
・協力会社建屋撤去跡地に架構(5階建て)を建設し、通液槽1基と再生設備を設置し、既設電気室建屋の北西に原水ポンプ(高圧)を設置する。",機器購入、新設架台設置、機器据付、配管敷設、配管ラック工事。それに伴う土木建設工事、電計工事一式。,2022/12/23,PM松田(APM古田土),"1)コストオープンの為、購買部-設備技術課との情報開示を徹底し、信頼を得る。また追加変更については、客先にタイムリーに変更内容を提示し、合意を得る。
2)手直し、追加が発生しないように、計画段階で抜けのない設計を実施する。","?無事故・無災害で決められた納期で完工する(設備稼働2023年3月)。
?機器据付時等重機を市道に設置する必要がある。
?-1市道の埋設物調査、強度検討、覆工板仕様検討、官庁手続きを確実に実施。
?-2土建、機械、他件名工事とコミュニケーションを綿密に取りながら各作業内容を把握して、日々の錯綜調整を実施し安全管理、工程管理を実施する。","?製缶機器及び購入品の納期遅れ⇒製作工程表によるフォロー
?錯綜調整不足による工程遅れ⇒日々の錯綜調整を確実に実施
?設備稼働遅れによる漁港からクレームが入る⇒全体工程表を適時フォロー","1)大型物件のため、工程管理、安全管理等の実施のノウハウを残す。
2)若手を積極的に登用し、OJTで育成する。","・主な理由は、コストオープンの為、最終仕様確定後に最終見積書提出し予算を確定した為。
・PJ開始時に、原水ポンプ周りの設置場所及びミニマムフロー設置の有無が未定だったため追加費用が発生した。
・工場の安全会議時にALC改造の時、一時仮設防音壁設置の為の設置及びリース費が発生した。","目標利益達成結果
１）注決前にコストの情報開示を徹底して行った。
　　追加変更は発生時に追加費用の発生の有無と概算金額を伝えて合意を
　　得てから着手した。
２）計画段階で不明確な部分は作成した検討図を元に仕様決定を行ったことで
　　手直し、余計な追加費用が発生させないように出来た。
　　但し、原水ポンプ周りだけは、工場の決定が遅れたため大きな追加費用が
　　発生した
JOB遂行目標・架台達成結果
?当初予定の納期通りに無事故・無災害で完工した。
?市道工事が夜間に限定されたが各所と綿密な打ち合わせを重ね施工計画を
　作成したことで無事故無災害で終えることができた。
? 1各種調査、及び官庁手続きを問題なく実施できた。
　　2錯綜調整を行ったことで工期通りに完工できた。","?製缶機器は製作工程表を元に管理し、完成検査と中間検査を行うことで
　　製作状況を把握したことで納期通り納めることが出来た。
?錯綜調整を実施し工期遅れなく完工できた。
?稼働時期を守ったため工場、漁港等からのクレーム等は発生しなっかた。","１）製作工程管理表を作成し運用できた。
２）若手を施工確認、残工事、二期工事担当として育成を実施した。",要, ,2020/12/01 0:00:00,2021/03/01 0:00:00, , ,2022/12/01 0:00:00, ,2021/04/08 0:00:00,2021/08/02 0:00:00, , ,2023/03/15 0:00:00, ,0,2028305
51,95302399,326067,2023-06-13T10:17:21+09:00,2023-06-13T10:25:51+09:00,満足,*,大体満足,大体満足,どちらでもない,満足,満足,満足,満足,満足,*,満足,非常に満足,*,満足,満足,多少不満,どちらでもない,*,未定,未定,1年以内,*,*,2047196,【BS結果報告】FMSバリア盤２更新,DICｸﾞﾗﾌｨｯｸｽ(株) 本社,"12,600","12,600",K,フォロー(追加有),2021/05/31,2022/08/03,2023/06/30,AWK400 営業第一グループ,辰 雅俊,AW7004 電計技術部,栗原 真一, , , , , , , ,受注(注文書受領),AW7004 計装制御技術東日本（JMF）,AWK400 営業第一グループ,その他,国内,契約先と同じ, ,対象外,調査不要,ＥＩＣＳ事業部,多田 信嗣,ＥＩＣＳ事業部,多田 信嗣,営業統括部（共通）,若林 健,調達部,佐藤 伸明,計装制御技術部共通,佐藤 弘文,営業第一グループ,増田 秀幸, ,請負工事,金額基準,標準案件,EICS／計装工事,塗料・インク, , , , , , , , , , , , , , , , , , , , , , , , , , , , , , , , , , , ,2047196
52,95540996,327522,2023-06-19T17:42:24+09:00,2023-06-19T18:02:50+09:00,満足,*,満足,満足,大体満足,満足,満足,大体満足,満足,大体満足,*,満足,どちらでもない,速報に関しては迅速にご対応頂いているが、その後の完成図書についてはややゆっくりであった。,満足,満足,大体満足,どちらでもない,*,*,*,*,*,*,2050672,【BS結果報告】22年度BR定修　法定・定期自主検査,旭化成(株) 川崎 設備管理部,"65,420","65,420",K,フォロー,2022/05/20,2022/12/30,2023/06/16,AWK400 営業第一グループ,神谷 敏之,FW5S20 川崎ＡＩＴグループ,吉川 恭平, , , , , , , ,受注(注文書受領),FW5S20 川崎ＡＩＴグループ,AWK400 営業第一グループ,旭化成,国内,契約先と同じ, ,対象外,調査不要,プラント事業部（共通,桑原 武,プラントライフ技術部共通,福永 辰也,営業統括部（共通）,若林 健,調達部,佐藤 伸明,川崎ＡＩＴグループ,木浦 政詞,営業第一グループ,増田 秀幸,機器開放検査、外観目視検査、機器・配管肉厚測定,請負工事,金額基準,標準案件,ＰＬ／静止／定修診断・工事,機械, , , ,2023/07/26 0:00:00,桑原、福永、増田、木下、木浦、菊池、吉川,2022年度BR定修　法定・定期自主検査,旭化成株式会社 製造統括本部 川崎製造所 設備管理部,神奈川県川崎市川崎区夜光1-3-2,"・旭化成?　川崎製造所　合成ゴム製造施設における法定・定期自主検査であり、高圧ガス設備を主として、検査診断業務を行うものである。
・特に開放検査については、限られた火気工事期間（3/7?3/25）において、安全と品質を確保し、抜けなく確実な検査を実施、評価を行う。
・作業分散のため、先行工事で実施出来る作業については、客先と調整して先行で行う。
・安全と品質を確保し、抜けない確実な検査を実施、評価を行う。","・先行工事期間(1/16?2/21)
　外観目視検査
　肉厚測定
　検査付帯工事(足場設置、断熱解体)
・火気工事期間(3/7?3/25)
　開放検査、肉厚測定
　検査付帯工事(足場解体、断熱復旧)
・残工事(4/18?4/28)
　検査付帯工事(足場解体、断熱復旧)",2023/5/30,吉川　恭平,"・体制、役割分担の明確化を行う。
・工程をもとに必要なベンダー人員の把握、人員確保を行うとともに作業の効率化が図れる配置を行う。
・発注内容を明確にし、調達部と連携して見積内容について適切な査定を行う。
・効率的に作業が進むように、事前及び作業中に客先、ベンダー、関係会社と工程や錯綜作業についてすり合わせ、共有を行う。
・想定している計画工数で進捗するように社員、派遣社員の業務内容と時間を適宜確認、調整する。","　1）各法規、川崎製造所内規に基づき適切な評価を行う。
2）設備の損傷、検査履歴を把握し、抜けのない検査計画を管理を行う。
3）適正な検査員と装置で決められた手順、工程での施工進捗確認を行う。
(課題)
1）各法規、製造所内規の評価基準を把握していない。
2）過去の検査記録や補修履歴等を確認していない。
3）検査資格や機器校正記録を事前に入手、確認していない。
(課題達成の方策)
1）施工要領書にて、適用法規、検査内容、判定基準を明記する。
　 逐次検査立会いを行い、手順通り施工されているか、確認を行う。
2）過去の検査履歴や機器の運転条件を調査し、検査計画や結果評価に反映させる。
3）非破壊試験技術者資格証と機器校正記録は事前に入手し、確認する。
　 現場管理時は、逐次検査実施者と検査機器の確認を行う。","?想定リスク・機会
　(PJ管理)AEC社員や作業員がコロナウイルスに感染して作業できなくなる。
　(工事)製造所ルールを守らない。不安全行動により、労災が発生する。
他工事との錯綜による相互災害が発生する。
　(ベンダー管理)予定外作業を勝手判断で行う。
?対応策
　(PJ管理)構内入場前にPCR検査を実施し、陰性であることを確認する。(BR製造課指示)
日々の体調管理や休憩所での換気、アルコール消毒、体温計を設置する。
　(工事)毎日パトロールを実施し、課題等は指摘、指導を行っていく。
リスクアセスメントを実施し、残存リスクへの対応は図解化し、作業員と共有する。
日常KYにて、その日の作業内容や現場の状況に応じた安全対策を講じる。
客先や他社との錯綜が懸念される箇所について、関係先との連携・打合せを密にして、品質と安全を確保する。
　(ベンダー管理)当日の作業内容や安全指示事項は、各施工会社の責任者を通じて、周知する。予定外作業が発生した場合は、客先と相談の上、必要な安全対策を行う。","・問題点や課題が発生した場合には、客先と協議し、進めていく。
・追加変更内容は、文書にて客先から指示を戴き、両者にて明文化して実施する。ベンダーに対する追加、仕様変更等は、都度調達部経由で行う。
・産業廃棄物が発生した場合は、ルールに従って適切に処理を行う。","・客先要望の追加件名分（6,420k\）を漏れなく受注。
⇒主件名：003,320A,N-210の検査前処理よる製作時の融合不良等の現出によるMT線状指示に対する詳細検査（SUMP）と研削。N-01ジャケットUTT,防食被覆配管検査（BD配管不具合水平展開）。
・記録のチェック、報告書作成を分担して効率的に実施。
・ベンダーとの情報共有及び速報の提出に社外Teamsを利用。
・調達部による適切な査定及びネゴの実施。","1）施工要領書や追加変更指示書に適用法規、検査内容、判定基準を明記した。検査に係わる製造所内規の最新版改を確認し、重要な変更項目についてはチーム内及びベンダーへ周知した。ベンダーへは最新版を送付。
2）設備の損傷、検査履歴を把握し、抜けのない検査計画と管理を行った。
事前に対象設備の過去記録、検査周期を確認し要注意機器を選定、設備管理部と事前に情報共有することで要注意機器を定修前と定修期間中に常に意識する状態にした。
3）上述の通り、事前に検査装置の校正記録・トレーサビリティの確認、現場での検査立会を実施し、問題ないことを確認した。","左記の対応策を計画通り行った。
左記に加え、本年度より事前に日々の検査機器マップ図を作成し、ベンダー含め共有することで当日の作業位置の見える化と共有を行った。同様に、重機作業予定マップを作成し、ベンダー含め共有することで重機作業錯綜回避及び危険作業箇所の見える化を行った。","左記を遵守し、適切に対応した。
【次回以降の改善事項案】
・タブレット端末活用による現場作業の効率化
・検査記録書の記載内容の統一化（記録に残す腐食の程度の基準、近傍肉厚測定する基準等）",要,2023/12/01 0:00:00,2023/12/01 0:00:00,2023/03/01 0:00:00, ,2023/01/01 0:00:00,2023/05/01 0:00:00,2022/12/23 0:00:00,2022/12/23 0:00:00,2023/03/10 0:00:00, ,2023/01/13 0:00:00,2023/05/31 0:00:00, ,0,2050672
53,96498238,319574,2023-07-10T16:08:42+09:00,2023-07-13T14:06:46+09:00,非常に満足,質問事項や要望にも丁寧に対応して頂けました,非常に満足,非常に満足,非常に満足,非常に満足,非常に満足,非常に満足,非常に満足,非常に満足,施工だけでなく、工事管理や資料類の品質も良かったです,満足,満足,*,非常に満足,非常に満足,満足,満足,*,未定,未定,1年以内,*,*,2041259,【BS結果報告】高圧幹線活線連続診断装置導入,旭化成(株) 鈴鹿製造所,"19,300","19,300",K,顧客満足,2020/04/01,2020/11/01,2022/06/30,BWK400 営業第一（大阪駐在),鎌田 貴弘,EW7320 ＬＩＮＤＡ　Ｇｒ,木田 龍也, , , , , , , ,受注(注文書受領),EW7320 ＬＩＮＤＡ　Ｇｒ,BWK400 営業第一（大阪駐在),旭化成,国内,契約先と同じ, , ,調査不要,ＥＩＣＳ事業部,多田 信嗣,ＥＩＣＳ事業部,多田 信嗣,営業統括部（共通）,若林 健, , ,電気技術部部付,藤原 英二,営業第一（大阪駐在),大澤 剛士, ,請負工事,金額基準,標準案件,EICS／活線絶縁診断機器(2020年度まで),その他製造, , , ,2022/05/26 0:00:00,多田s、金口s、藤原ｓ、若林s、木田,高圧幹線活線連続診断装置導入 ,旭化成 株式会社 鈴鹿製造所,旭化成 株式会社 鈴鹿製造所,"旭化成鈴鹿製造所殿LINDA1500V3Mの導入
現状はLINDA1000（水島Grにて出張測定）で測定→LINDA1500への更新対応
盤製作＋現地工事＋試運転調整
機器納入：2021年4月頃
工事、試運転調整：2021年4?5月頃","1．LINDA1500の設計製作。
2．図面、完成図書作成。
3．現地搬入、据付、配線工事一式
4．試験調整及び取扱説明。",2022/6/30,木田,"1．エンドユーザー様のヒアリングを確実に行い、追加工事を出さないようにする。
2．客先の要求を明確にし、発注管理を徹底し利益を確保する。
3．営業部への技術的フォロー、見積査定の実施","・元請けでの受注である為、客先からの要望・質問に確実に応えられるよう営業部と一丸となって取り組む。
・施工に関しては現地常駐業者への依頼となるが、入念な打ち合わせ、現場確認を行い、抜け・漏れが無いよう実施する。
・定修業務と同日に実施する作業がある為、事前に定修担当者との擦り合わせを実施し、当日スムーズに作業ができるように配慮する。
・撤去作業はAK撤去標準に基づき、確実に実施する。",工程遅れ、検収漏れ、施工品質低下をおこさないようにエンドユーザー様、営業部との報告連絡を密にして、一体となって工程管理、工事管理、検収、施工指示を確実に行う。,・新型コロナウイルス対応（朝の検温・マスク着用・手洗い・うがい）を徹底する,"・試運転調整時のトラブル（既設誤配線）により、測定不可状態となりその調査、是正作業で工賃増
","上記トラブル以外は特に問題なく完了した。
　・施工企業との綿密な調整
　・AEC定修担当者、客先との調整により錯綜作業を回避
　・撤去標準に基づいた確実な作業を実施

反省点：既設施工箇所の配線ミスに気付けなかった（既設に間違いはないと決めつけていた）
",工程遅れ等無く製作は完了した。,"・コロナ対策で作業者全員の検温記録、マスク着用を徹底した
2022年5月に実施したが、BS上の申請忘れ
",不要, , ,2021/02/01 0:00:00, , , , , ,2021/04/12 0:00:00, , , , ,0,2041259
54,99023296,325607,2023-08-16T11:10:09+09:00,2023-08-16T11:19:54+09:00,大体満足,*,大体満足,大体満足,大体満足,どちらでもない,大体満足,大体満足,大体満足,大体満足,*,大体満足,満足,*,大体満足,大体満足,大体満足,大体満足,*,未定,２年以内,未定,*,*,2051126,【BS結果報告】尼崎工場増強,ﾒｯｸ(株) 本社,"30,150","30,150",K,フォロー,2022/02/01,2022/06/14,2023/07/31,BWK400 営業第一（大阪駐在),辰 雅俊,YW7100 計装制御技術西日本（守山）,沖田 大尚, , , , , , , ,受注(注文書受領),YW7100 計装制御技術西日本（守山）,BWK400 営業第一（大阪駐在),その他,国内,契約先と同じ, ,対象外,調査不要,ＥＩＣＳ事業部,多田 信嗣,計装制御技術部共通,佐藤 弘文,営業統括部（共通）,若林 健,調達部,佐藤 伸明,計装制御技術西日本（守山）,植松 宣州,営業第二グループ,増田 秀幸, ,請負工事,金額基準,標準案件,EICS／制御システム,その他化学品, , ,2042378.0,2023/07/31 0:00:00,多田ｓ、佐藤(弘)ｓ、植松ｓ、沖田、足立ｓ、渡部(剛)ｓ、加藤ｓ、小若ｓ、合田ｓ、中本ｓ、若林ｓ、辰ｓ、佐藤(伸)ｓ、木下ｓ,尼崎工場増強,メック株式会社　生産統括センター,メック株式会社　尼崎工場,"既設製造棟(本棟)の配合・充填エリア増設に
伴い、配合管理･制御システムを改造する。","１．制御システム改造（計装機器、制御盤ソフト）
２．配合管理システム改造
３．現地シーケンステスト、システム切替
４．試運転立会
※現地工事は取組会議の方針の通り、",2023/7/31,沖田　大尚,"１．コスト削減
　　過去のリソース・技術を有効活用する。
　　また、PJ計画に沿った実施徹底による
　　設計後戻りを無くす事で
　　予備費を削減して利益とする。

２．追加変更
　　追加発生時の都度、追加・変更指示／
　　確認書に従い、
　　追加変更の有無及び金額を明確化
　　する。
　　客先との定例会でもフォローし、早期に
　　判断できるようにする。最終的には、
　　追加費用を確実に受注して
　　収益を高める。","１．JOB遂行目標
　　ノントラブルでの垂直立上げを行い、
　　AKGr外から収益をしっかり確保する。
２．課題
「電計」
　１）機器納期が未定・長納期
　　　見積段階で既に長納期・納期未定品
　　　が多い。
　２）ソフトベンダー対応
　　　前回、初回検査（組合せ試験）では
　　　社内スケジュールと
　　　ベンダーの製作スケジュール調整が
　　　うまく取れてなかった。
　　　また、その後、組合せ試験１回、
　　　電計２回実施したが、
　　　ベンダー都合で検査項目残有りの
　　　状態で現場対応となった。
「情報」
　１）ソフトベンダー対応
　　　初期導入メンバーが不在である事。
３．方策
「電計」
　１）客先とスケジュール調整し、都度工程
　　　調整を実施する。
　２）前回と別の県内ベンダーを充て、
　　　９?１１月の３ヶ月間の製作期間を
　　　確保した。その中で、進捗確認と電計
　　　検査を行う事とする。
　　　また、稼働率の高いベンダーの為、
　　　現地スケジュール調整は、
　　　早めに調整する。
「情報」
　１）ソフトベンダー対応
　　　今後のシステム改修を視野に、今回
　　　のｊｏｂでシステムを理解させる。","７．ベンダー管理
　　「情報」
　　初期導入時のメンバーが残っていない
　　ので大きな改修に対応出来ない。
　　⇒今回のｊｏｂでシステムを理解させる。
　　「電計」
　　PLCソフトベンダーが、これまで実施して
　　きた制電社から
　　ハイテムに変更となる。
　　⇒既設改造となる為、既設の製作要領
　　　等、弊社からフォローを入れながら、
　　　進める。","「ＰＪメンバーの目標」
　沖田：PJ管理の徹底、足立フォロー
　足立：守山制御システム案件との
　　　　　マルチタスク遂行　
　小若：保守ベンダー体制構築
　佐藤（圭）：客先との仕様検討できるよう
　　　　　　　　になる
　北村：図書管理、社内アラートによる、
　　　　　メンバー負荷軽減と忘れ防止","１．コスト削減
「計装」
　エリア増設が目的であった為、既存の設
　計仕様・資料を活用、また設計後戻りも無
　く進められた。
　また予備費の削減までは達成できなかっ
　たが、足立さん初参加、長納期品の代替
　品への設計変更について、工賃として使
　用した。
「情報」
　エリア追加を、配合管理システムのマスタ
　変更だけで対応出来る事を、前回の危険
　物製造棟の案件で確認出来ていた為、構
　築費用を削減して属人性を解消する為に
　教育費用とした。

２．追加変更
「計装」
　追加変更対応は客先と都度書面をもって、
　確認・調整した。また、追加費用も受注し、
　収益を確保した。
「情報」
　基本設計後にエリアの追加はあったが、マ
　スタで対応した為、構築での追加作業の
　費用は、発生しなかった。","１．目標に対する達成結果
　　現地工事期間中にアップスターによる照
　　明カバー破損が発生した。幸い物損のみ
　　で、新品を納品し対応した。他トラブルな
　　く、垂直立上げを実施、予定より２日前倒
　　しで試運転立会を終えられた。
２．課題に対する達成結果
「計装」
　　１）長納期品対応
　　　　設計変更により代替品を選定したり、
　　　　長納期品はリスト管理し、客先と共
　　　　有、客先も予備品として先行手配を実
　　　　施した。また現地スケジュールも事前
　　　　に調整していた為、結果、機器完納
　　　　状態で、現地対応できた。
　　２）ソフトベンダー対応
　　　　事前にベンダースケジュールを確保、
　　　　事前に既設ソフトをベンダーに解析さ
　　　　せる時間も確保した上で進めた為、オ
　　　　ンスケジュールで実施出来た。
「情報」
　　１）ソフトベンダー対応
　　　　ソフトサービスがアサイン出来ない時
　　　　に、大分事務所が開設されたことも有
　　　　り、常駐いただいているアーネットの
　　　　上田さんに一から教育を行い。社内テ
　　　　ストで動かし方やテスト方法を理解し
　　　　てもらった。","「計装」
　ＰＬＣソフトベンダーは特に問題無く、オンス
　ケジュールで製作?現地対応まで実施で
　きた。
「情報」
　初期導入時のソフトサービスから、現在、
　大分事務所に常駐していただいているア
　ーネット 上田さん、松浪さんに配合管理シ
　ステムの仕組みを理解してもらい、原因調
　査を依頼出来るようになった。","沖田：月例会や社内定例会を実施、社内外
　　　　共にPJの進捗・情報共有を実施出来
　　　　た。また足立さんに初めてメック案件
　　　　に参加頂き、新たにメック向けの計装
　　　　メンバーを増やすことができた。
足立：ＰＪ管理を理解する良い機会となった。
　　　　ＭＥＣ２案件はうまく進められた。マル
　　　　チタスク守山ＪＯＢとの負荷分散は改
　　　　善の余地があった。長納期品管理
　　　　は、守山ＪＯＢでも有効活用できた。
小若：今後の保守については、アーネット上
　　　　田さんが対応可能となった。
佐藤（圭）：ＰＪを途中で抜けたが、配合管理
　　　　　　　システムと現場設備について
　　　　　　　は理解出来たと考えている。
北村：他のＰＪでも、同様に対応してもらう様
　　　　にした。",要,2022/08/01 0:00:00,2022/09/01 0:00:00, , ,2022/09/01 0:00:00,2022/12/01 0:00:00,2022/09/05 0:00:00,2022/09/05 0:00:00,2022/12/14 0:00:00,2023/04/14 0:00:00,2023/03/02 0:00:00,2023/05/08 0:00:00, ,0,2051126
55,99094041,328357,2023-08-17T14:21:05+09:00,2023-08-17T14:34:40+09:00,どちらでもない,営業担当と直接お話する事はありませんでした。,大体満足,満足,満足,満足,満足,満足,満足,どちらでもない,*,満足,どちらでもない,*,大体満足,大体満足,どちらでもない,どちらでもない,*,なし,なし,２年以内,*,*,2052561,【BS結果報告】2023年定修　配管橋 NZ送りC5P配管吊上げ検査,旭化成(株) 水島 設備管理部,"16,081","14,191",K,フォロー,2022/07/15,2023/03/30,2023/08/31,BWK400 営業第一（大阪駐在),八代 知洋,MY8S30 水島ＡＩＴグループ,窪田 貴大, , , , , , , ,受注(注文書受領),MY8S30 水島ＡＩＴグループ,BWK400 営業第一（大阪駐在),旭化成,国内,契約先と同じ, , ,調査不要,プラント事業部（共通,桑原 武,プラントライフ技術部共通,福永 辰也,営業統括部（共通）,若林 健, , ,水島ＡＩＴグループ,佐々井 誠司,営業第一（大阪駐在),辰 雅俊,断熱なし,請負工事,金額基準,標準案件,ＰＬ／静止／定修診断・工事,樹脂原料・製品, , , ,2023/10/16 0:00:00,"桑原（欠席）,佐藤、木下（欠席）、石井、若林（欠席）、辰、八代 、福永、佐々井、福田、窪田",旭化成(株)水島製造所　2023年5月NZ送りC5P配管吊上げ検査,旭化成(株)製造統括本部 水島製造所設備管理部 第一機械設備管理課,岡山県倉敷市潮通3-13,"・配管橋上のNZ送りC５溜分（流体表示名：C5P）配管に対して、
　吊上げを行い、架台接触部等の外部腐食検査を実施する。
　架台接触部としては124箇所。
・計画立案、現場実施、検査工程・進捗管理、検査結果、評価を
　AITに特命で依頼されている。　
・付帯作業として、落下防止養生、安全化助勢作業、配管吊上げ/
　吊下し、ケレン塗装、テフロンシート敷きを含む。","・落下防止シート養生、吊上げ段取り
・安全化助勢作業（閉止板挿入、復旧、洗浄ドレン用
　ホースの手配、脱着、ドラム缶運搬）
・配管吊上げ、Uバンド取外し
・外部腐食検査（目視、腐食深さ測定、残肉確認）
・ケレン塗装（塗装基準PNT-1）
・架台接触部テフロンシート敷き（AK水島基準）
・Uバンド取付け、配管吊下し、養生シート、資材片付け",2023/9/30,窪田　貴大,"・水島製造所内規、法規、過去の指摘事項を順守し、安全、品質を意識しながら無事故
　無災害での完遂を目指す。
・作業期間が限られているため、ベンダー間の作業調整、工事の進捗確認を行う。
・調達との連携により、ベンダー費用を最適価格での注決行う。","(ＪＯＢ遂行目標)
・工事期間内での適切な検査及び付帯作業の施工手順の遵守
(課題）
・期間内で作業完了とするために、速やかな検査速報、対応案の提出
 （工程を考慮した対策方法の提案）
・検査会社が水島近隣会社ではないため、旭化成構内での外部腐食検査に対するポイントが把握
　できていない。
・付帯作業に従事する作業員の作業内容に対する理解度が異なる。
（課題達成の方策）
・検査員に対して、事前に検査手順、報告書のまとめ方等についてすり合わせを行い、評価方法につい
　て認識を合わせる。また、初回の現場検査時に立会い、現物を見て、再度認識合わせを行う。　
・付帯作業に従事する作業員には、着手前に施工手順について教育を行い、先端作業員まで施工内容
　を理解させる。また、AITとして適時立ち合いを行い、作業配置、施工手順通りに実施しているか確認を
　行う。","1.想定リスク
（工事）
・落下物養生のシート設置時、配管橋から工具を落とす。
・吊り上げ順序、吊上げするタイミングが合わず配管を上げ、破損させる。
・ケレン作業の可否の判断がないまま、ケレン作業を行い、配管を貫通させる。
（ベンダー管理）
・報告書のまとめ方が要求事項と異なる。
2.対応策
（工事）
・ツールキーパー等で工具の落下物対策を行う。また、飛散する可能性がある物は、 工具袋等にて
　管理する。
・先端作業員まで作業手順等について、教育を行い理解させる。　AITとして、現場巡視を行い、
　施工手順が守られているか確認する。
・ケレンにより破孔する可能性がある箇所についてはピンクリボンでマーキングを行い、ケレン作業を
　実施させない。
（ベンダー管理）
・AITと検査員とで事前にすり合わせを行い、報告書のまとめ方等について認識を共有する。

","・今回の吊上げ検査結果を活用し、架台接触部に対して行う検査手法の有効性評価を行う
　予定。","・追加案件に伴い、受注金額、利益率増加
　吊上げ検査箇所の追加、付帯作業（気密用の窒素段取り等）の追加

・調達部殿尽力により計画分費用より、ネゴされた状態で注決。
　（移動費の重複分削除：100k\）","（検査）
・工期内で的確な評価を行い、また検査結果について速やかに報告、提出を実施。
・事前に評価方法、報告書のまとめ方等についてすり合わせを行った結果、工事完了後、速やかに報告書の提出を実施できた。
・TBM時、当日作業の危険事項の周知と共有、現場パトロールの実施、監督者、作業者を含めたコミュニケーションの実施により、施工計画通りに作業を進めることができ、無事故無災害にて完遂。
・追加内容については、旭化成及びベンダー対して、変更・追加指示書を提出し、作業を実施。","（工事）
・落下物養生のシート設置後、AITにて設置状況の確認を実施。状況に応じて、是正を依頼。
・作業当日のTBMに参加し、当日作業の危険事項の周知、共有を実施。
・熱中症になる可能性があるため、TBM時に体調のヒヤリング、注意喚起を実施。
 現場へ水分、WBGT計、熱中症対策キットの持ち込みを実施。
・AITとして、現場巡視を行い、施工手順が守られているか確認した。
","・作業場所が配管橋のため、SIP案件だが担当者はC地区事務所に常駐となる。検査箇所数にもよるが、
　この案件のみの場合だと、仕事量的には少ないと感じる。
　→今回は急遽の吊上げ箇所の追加等あり（12B-EYG配管、一部ENEOS構内での作業）
　⇒C地区案件と兼任で対応又は応援者で対応でも良いと思う。
・コロナ等で担当者が不在になった場合も備え、サブ担当者を配置する必要があると感じた。
　（サブは工事概要、作業進捗を把握する程度で良いと思う。）
・吊上げ検査結果をもとに、架台接触部に対する検査手法について、検出精度等の検証を実施（9月実施）",要,2023/04/01 0:00:00,2023/04/01 0:00:00, , ,2023/04/01 0:00:00,2023/07/01 0:00:00, , , , , , , ,0,2052561
56,99796220,326082,2023-08-31T15:30:47+09:00,2023-08-31T15:37:32+09:00,満足,*,非常に満足,非常に満足,非常に満足,非常に満足,非常に満足,非常に満足,非常に満足,非常に満足,"無事故無災害で工事を完遂していただきました。
非常に感謝しております。
完成した設備も、問題なく稼働しています。",非常に満足,非常に満足,*,非常に満足,非常に満足,該当せず,該当せず,"コストについては、判断がつきません。
提案力と問題解決力は、高く評価しています。",未定,未定,未定,*,*,2048591,【BS結果報告】南公共桝負荷対策工事,旭化成(株) 富士支社,"41,117","41,117",K,フォロー,2021/09/10,2022/08/01,2023/06/30,AWK400 営業第一グループ,兒玉 卓,EW2S20 中部エリア事業グループ,清水 純一郎, , , , , , , ,受注(注文書受領),EW2S20 中部エリア事業グループ,AWK400 営業第一グループ,旭化成,国内,契約先と同じ, ,対象外,調査不要,プラント事業部（共通,桑原 武,プラント事業部（共通,桑原 武,営業統括部（共通）,若林 健,調達部,佐藤 伸明,エリアＰＪ第一部共通,熊谷 郁夫,営業統括部（共通）,若林 健, ,請負工事,金額基準,標準案件,プラント／ＡＫＧｒ向け国内建設業務,その他製造, , , , , , , , , , , , , , , , , , , , , , , , , , , , , , , , , , , ,2048591
57,101248633,325395,2023-09-26T13:56:14+09:00,2023-10-05T11:01:59+09:00,どちらでもない,ほとんど顔を合わせて会話することが無かったため。,どちらでもない,多少不満,多少不満,大体満足,大体満足,多少不満,多少不満,多少不満,設計ミスや試験検査の不充分な点に起因するトラブルが発生してしまっているため。,多少不満,大体満足,トラブル報告はこちらから督促しなければ なかなか出てこないものがあった。こちらで作成したものもあった。,多少不満,多少不満,どちらでもない,どちらでもない,こちらに最終的な判断を委ねる際に、いくつか選択肢をあげた上で「AECとして最適と関あげるものはこれです」という提案が欲しかった。,*,*,*,*,*,2048845,【BS結果報告】交換膜水電解ベンチ設備,旭化成(株) 東京 交換膜事業ｸﾞﾙｰﾌﾟ,"266,353","594,618",K,フォロー,2022/01/05,2022/04/01,2023/10/31,BWK400 営業第一（大阪駐在),辰 雅俊,AW4KF1 関東エリア事業ＧＲ,大谷 友基, , , , , , , ,受注(注文書受領),AW4KF1 関東エリア事業ＧＲ,BWK400 営業第一（大阪駐在),旭化成,国内,契約先と同じ, ,対象外,調査不要,全社共通(役員),岡田 一郎,プラント事業部（共通,桑原 武,営業統括部（共通）,若林 健,調達部,佐藤 伸明,エリアＰＪ第一部共通,熊谷 郁夫,営業第一グループ,増田 秀幸,川崎製造所において水電解パイロット設備プラントの建設,請負工事,金額基準,標準案件,環境／その他業務,その他化学品, , , , , , , , , , , , , , , , , , , , , , , , , , , , , , , , , , , ,2048845
58,101580755,327260,2023-09-28T17:14:51+09:00,2023-09-28T17:35:39+09:00,非常に満足,いつも親身に相談を聞いて頂き、適切なご回答やご提案をして頂いております。,満足,満足,満足,非常に満足,満足,満足,満足,満足,全体的に満足しております。,満足,大体満足,定修中は速報を毎日提出して頂き非常に助かっております。,満足,満足,どちらでもない,該当せず,総合的には満足。コストについては少し高いように思うが相談や急な依頼に対しても真剣に取り組んで頂いているのでその点を評価致します。,*,*,*,*,*,2050400,【BS結果報告】AN 2023年5月定修,旭化成(株) 水島 設備管理部,"74,392","74,392",K,フォロー,2022/07/01,2022/11/29,2023/09/30,BWK400 営業第一（大阪駐在),八代 知洋,MY8S30 水島ＡＩＴグループ,甲斐 拓也, , , , , , , ,受注(注文書受領),MY8S30 水島ＡＩＴグループ,BWK400 営業第一（大阪駐在),旭化成,国内,契約先と同じ, , ,調査不要,プラント事業部（共通,桑原 武,プラントライフ技術部共通,福永 辰也,営業統括部（共通）,若林 健,調達部,佐藤 伸明,水島ＡＩＴグループ,佐々井 誠司,営業第一グループ,辰 雅俊, ,請負工事,金額基準,標準案件,ＰＬ／静止／定修診断・工事,機械, , , ,2023/11/29 0:00:00,岡田、桑原、佐藤、石井、若林、辰、八代、福永、佐々井、石倉、豊田、猪頭、甲斐,2023年5月　AN定修検査,旭化成株式会社　設備管理部 第2ﾓﾉﾏｰ設備管理課,岡山県倉敷市児島塩生字新浜2767-11,"・旭化成?水島製造所AN製造施設における法定・自主検査において、高圧ｶﾞｽ設備を主として、法規や内規に基づき健全性及び補修要否の評価をする。
・安全・品質を確保し、抜けのない検査の実施。","2022/5 AN定修に伴う非破壊検査
業務一式
（法定検査　46件、自主検査 35件）",2023/7/31,甲斐　拓也,"・定修期間が限られているので、検査結果を適正に評価し、迅速に提出する必要がある為、事前準備として過去の検査履歴の　整理をし検査計画書に反映しておく。　（検査結果及び提案や補修を想定）
・検査ﾘｽﾄ(計画書)を活用した日々の進捗管理をする事で、検査漏れや検査部位の間違い等をなくし、工期内で完遂する。","【遂行目標・課題　達成方法】
・検査速報の早期提出：過去の検査記録を確認し想定される損傷を把握しておく、また検査記録書のﾍﾞｰｽを事前に作成し、準備をさせる。
・検査員の残業対策：法改正により検査員の残業が95hrとなり、
　検査員の確保及び人員配置の検討が必要な為、検査会社に対し
　人員の確保及び残業対策を考慮した体制を検討させる。
　（役割分担制　現場検査班と記録書作成班など）
・無事故、無災害での完遂：安全協議会を開催し、AECの組織体制
　定修規模及び作業件名、日々の作業調整予想される錯綜作業
　などの末端の作業員まで周知を行う。","・他社との錯綜や雨天等により、計画工程からずれる。
（対策：他社と連絡調整を密に行う。大型重機作業等は、詳細工程作成　　 時に事前調整を行っておく。）
・追加検査等について、納期遅れが発生する。
（対策：設管課、製造課、AITで行う検査連絡会にて検討される追加件名については、ベンダーと調整を行い対応可能範囲で実施する。）","・安全、品質を意識し、無事故・無災害で完遂する。
・検査結果に異常があった場合は、客先に遅滞なく報告するとともに
　現地確認を行う。",1)基本検査の結果をもとに、迅速な評価・報告を行い、必要な拡大　検査を提案して追加検査の受注に繋がった。,"1)検査速報の早期提出
  事前に速報のﾍﾞｰｽ作成、評価項目・補修履歴等の整理を行うことで、
　的確で迅速な報告をすることができた。
　また、検査連絡会(結果報告)で使用した資料はTeams上にアップしており、進捗や及び方針などを設備管理部担当者と共有することで、追加検査も含めて工期内に無事完遂することができた。
2）検査員の残業対策
　工期延長が発生したが、事前に現場検査実施と記録書作成の検査員を分けるなどの協議を実施していたこともあり、効率的に作業を進めることができ基本的に現場作業による残業は殆どなく、週に1日以上は休日を確保できた。
3）無事故、無災害での完遂
　安全協議会や日々の安全会議で事前に錯綜調整を実施し、作業調整会の結果を
　ﾍﾞﾝﾀﾞｰとの毎日の作業前ﾐｰﾃｨﾝｸﾞや現場ﾐｰﾃｨﾝｸﾞで連絡し作業員全員への周知を行うことで、無事故・無災害で完遂することができた。
現場ﾐｰﾃｨﾝｸﾞ：着工時の工夫として現場ﾐｰﾃｨﾝｸﾞに各担当者が参加し作業内容や注意ﾎﾟｲﾝﾄなどが作業員全員に周知できたことを確認して、着工するといった取り組みを実施。安全パトロールなどで作業員への声掛けでは危険・注意ﾎﾟｲﾝﾄなどの確認も行ったが周知が出来ていたと感じています。","1）労災などが発生し工期延長が発生したが、各ベンダー協力のもと
　密な調整及び現場での最終調整を行い、工期内で対応することができた。
2）追加検査が発生することを想定し、基本検査で前倒し出来るものについては、前倒しで実施していたため、追加検査の対応を行うことができた。（付帯工事業者等とのｺﾐｭﾆｹｰｼｮﾝを各担当者が良好に行った事により情報共有がはかられｽﾑｰｽﾞに進められた）
また、検査連絡会時に人員的な観点から追加実施が厳しいもについては設管部と協議をし次回開放時への変更などを行った。","1）検査員とのｺﾐｭﾆｹｰｼｮﾝをとり、話し易い環境を心掛け他ことにより、現場での些細な状況変化を把握でき、無事故無災害に繋げることができた。また、熱中症・新型ｺﾛﾅｳｲﾙｽ対策について、事前準備(抗原検査や対策グッズ）を行い実施し、
　熱中症者・新型ｺﾛﾅ感染者ゼロで完遂した。
2)検査結果については、日々の検査連絡会議にて設備管理部・製造課に
　遅滞なく報告し、不具合があるものについての対応内容を検討した。
　(追加検査、補修等の対応が早急に決まり、人員確保や工程調整が
　可能になった。)",要,2022/12/01 0:00:00,2022/12/01 0:00:00, , , ,2022/01/01 0:00:00,2022/12/12 0:00:00,2022/12/12 0:00:00, , , ,2023/01/12 0:00:00, ,0,2050400
59,101649098,322257,2023-09-29T08:58:25+09:00,2023-10-02T09:38:21+09:00,満足,弊社の希望に沿った納期に対して真摯に対応して頂きました。,非常に満足,満足,大体満足,非常に満足,非常に満足,満足,満足,満足,設置機器の管理すべき留意点等、書面だけではわかりにくい案件等に関して、工事中・工事完了時問わずに説明を丁寧にして頂きました。,満足,満足,特にございません。,満足,満足,大体満足,どちらでもない,*,1年以内,1年以内,５年以内,"2022年新規反応器・蒸留設備設置。
2024~2025年　新規生産設備設置検討中",*,2041335,【BS結果報告】ホスフィン誘導体増設工事2022,日本化学工業(株) 福島第二工場,"823,690","823,690",K,フォロー,2020/06/01,2021/08/10,2023/03/31,AWK400 営業第一グループ,神谷 敏之,AW4KF1 関東エリア事業ＧＲ,鵜飼 敏秀, , , , , , , ,受注(注文書受領),AW4KF1 関東エリア事業ＧＲ,BWK400 営業第一（大阪駐在),その他,国内,契約先と同じ, ,対象外,調査不要,全社共通(役員),岡田 一郎,プラント事業部（共通,桑原 武,営業統括部（共通）,若林 健,調達部,佐藤 伸明,エリアＰＪ第一部共通,熊谷 郁夫,営業統括部（共通）,若林 健, ,請負工事,金額基準,標準案件,プラント／外販国内建設業務,精密化学品, , , , , , , , , , , , , , , , , , , , , , , , , , , , , , , , , , , ,2041335
60,101652396,327696,2023-09-29T09:49:50+09:00,2023-09-29T10:51:31+09:00,どちらでもない,*,どちらでもない,どちらでもない,大体満足,大体満足,どちらでもない,大体満足,大体満足,大体満足,*,大体満足,どちらでもない,*,どちらでもない,どちらでもない,多少不満,どちらでもない,*,未定,未定,未定,*,*,2050499,【BS結果報告】SIP 2023年5月　定修検査,旭化成(株) 水島 設備管理部,"42,600","42,600",K,フォロー(追加有),2022/10/01,2023/01/23,2023/09/30,BWK400 営業第一（大阪駐在),八代 知洋,MY8S30 水島ＡＩＴグループ,福田 英規, , , , , , , ,受注(注文書受領),MY8S30 水島ＡＩＴグループ,BWK400 営業第一（大阪駐在),旭化成,国内,契約先と同じ, , ,調査不要,プラント事業部（共通,桑原 武,プラントライフ技術部共通,福永 辰也,営業統括部（共通）,若林 健,調達部,佐藤 伸明,水島ＡＩＴグループ,佐々井 誠司,営業第一（大阪駐在),辰 雅俊,断熱工事不明,請負工事,金額基準,標準案件,ＰＬ／静止／定修診断・工事,機械, , , ,2023/10/16 0:00:00,桑原(欠席）、福永、佐々井、福田、若林、八代、佐藤、石井,SIP 2023年5月　定修検査,旭化成(株) 設備管理部 第一機械設備管理課,岡山県倉敷市潮通3-13,"・旭化成?水島製造所石化原料製造施設における法定・自主検査において、高圧ｶﾞｽ設備を主として、法規や内規に基づき健全性及び補修要否の評価をする。
・安全・品質を確保し、抜けのない検査の実施。","2023/5 SIP定修に伴う非破壊検査
業務一式
（法定開放検査　2件、自主検査 38件、配管外面腐食検査6ライン、機器外面腐食検査8基、機器ESCC検査1基）
※外面腐食検査、ESCC検査は付帯作業含む",2023/9/30,安井　千央（福田英規）,"【目標利益達成の為の方策】
1）調達と連携し、ベンダー費用と適正価格で注決を行う。
2）客先実施の前処理や付帯作業が計画通り実施されているか確認し、手戻り作業が発生しないようにする。
3）各種法規や水島製造所内規を遵守し、安全および品質を意識して無事故無災害での完遂をする。","【遂行目標・課題　達成方法】
1）定修期間内作業の完遂
　速報のベースを事前に作成し、速やかに提出できるよう準備する。
　朝礼等で錯綜作業や安全指示事項を全作業員に周知し、無事故無災害で完遂させる。
　ベンダーに対して残業対策を考慮した体制を準備いただく。
2）適切な検査・評価の実施
　対象設備にて発生し得る損傷を想定しておき、異常検出時の拡大検査案や補修案を速やかに提案する。
　ベンダーからあがってくる記録を計画書や内規と照らし合わせて確認し、適切な検査が実施されているかチェックする。","1）仕様、工程が不明瞭のまま定修に突入する。
　AIT主導で検査計画書を作成し、早めの承認をもらう。契約保全会社（向陽PS）との事前工程調整および火気工事期間の進捗確認を行う。
2）追加検査等の納期遅れ/追加清算のに抜け
　検査連絡会にて検討される追加件名については、ベンダーと調整を行い対応可能範囲で実施する。また、調達および営業と連携してベンダー/客先との追加変更の連絡を確実に実施する。","・安全、品質を意識し、無事故・無災害で完遂する。
・検査結果に異常があった場合は、客先に遅滞なく報告するとともに現地確認を行う。","・直前の物量減及び工程変更等があったが、追加作業を含めて無事故、無災害で完遂
・総じて予定変更はAIT中心にベンダー間で都度調整を実施
・基本分の物量減、追加作業を含めて調達と連携し適正注決実施","1）定修期間内作業の完遂
予定変更等への対応など予定外の事態もあったが、ベンダー間で無理のない調整を連携し実施し、無事に完遂
2）適切な検査・評価の実施
内規、法規に従い、適正な評価を行い、速報をTeams上でAIT内、設管関係者へもリアルタイムで共有を実施日々の検査会議でも事前共有による要点をしぼった議論の上、スムーズな進行が行えた。","１）詳細、別紙参照。今後の課題、計画と情報共有の実施、管理を徹底。
2）設管、ベンダーに対して変更追加確認/指示をタイムリーに徹底して実施、且つ、調達、営業に対してもそれらのを情報を日々、共有した。※追加見積作成、発注を的確、迅速に実施", ,要,2023/02/01 0:00:00,2023/04/01 0:00:00,2023/06/01 0:00:00, ,2023/05/01 0:00:00,2023/09/01 0:00:00, , , , , , , ,0,2050499
61,101953953,325548,2023-10-03T11:20:57+09:00,2023-10-03T11:24:10+09:00,大体満足,*,満足,大体満足,満足,満足,大体満足,満足,大体満足,満足,*,満足,どちらでもない,*,満足,大体満足,多少不満,大体満足,*,５年以内,*,*,*,*,2052183,【BS結果報告】桃山第二工場_3.5立米高温反応槽増設工事,北広ｹﾐｶﾙ(株) 本社,"186,450","186,450",K,フォロー,2022/05/02,2022/06/09,2023/09/30,BWK400 営業第一（大阪駐在),尾崎 文俊,MY8S50 中国エリア事業グループ,柴田 光, , , , , , , ,受注(注文書受領),MY8S50 中国エリア事業グループ,BWK400 営業第一（大阪駐在),その他,国内,契約先と同じ, ,対象外,調査不要,プラント事業部（共通,桑原 武,プラント事業部（共通,桑原 武,営業統括部（共通）,若林 健,調達部,佐藤 伸明,九州エリア事業グループ,安井 理雄,営業第一（大阪駐在),辰 雅俊, ,請負工事,金額基準,標準案件,プラント／外販国内建設業務,その他化学品, , , , , , , , , , , , , , , , , , , , , , , , , , , , , , , , , , , ,2052183
62,102001644,325548,2023-10-04T09:44:46+09:00,2023-10-04T09:47:49+09:00,非常に満足,各案についての質問に的確に答えていただき理解がしやすかった,満足,満足,非常に満足,非常に満足,非常に満足,非常に満足,満足,満足,*,満足,非常に満足,*,満足,満足,どちらでもない,どちらでもない,*,*,*,*,*,*,2052183,【BS結果報告】桃山第二工場_3.5立米高温反応槽増設工事,北広ｹﾐｶﾙ(株) 本社,"186,450","186,450",K,フォロー,2022/05/02,2022/06/09,2023/09/30,BWK400 営業第一（大阪駐在),尾崎 文俊,MY8S50 中国エリア事業グループ,柴田 光, , , , , , , ,受注(注文書受領),MY8S50 中国エリア事業グループ,BWK400 営業第一（大阪駐在),その他,国内,契約先と同じ, ,対象外,調査不要,プラント事業部（共通,桑原 武,プラント事業部（共通,桑原 武,営業統括部（共通）,若林 健,調達部,佐藤 伸明,九州エリア事業グループ,安井 理雄,営業第一（大阪駐在),辰 雅俊, ,請負工事,金額基準,標準案件,プラント／外販国内建設業務,その他化学品, , , , , , , , , , , , , , , , , , , , , , , , , , , , , , , , , , , ,2052183
63,102021411,324609,2023-10-04T13:26:15+09:00,2023-10-04T13:55:08+09:00,満足, ,非常に満足,どちらでもない,大体満足,どちらでもない,非常に不満,大体満足,非常に不満,どちらでもない,"①地絡事故の発生（全数検電してない）
②電動弁導入指示にも関わらずエア駆動弁の納入＋電気と機械でコミュニケーションが取れていない
③現場確認協議で電線管の移設不要と結論づけたが、後になって必要になった為、
　この案件の為だけに余算取得・K1まで実施しなければならなかった",満足,満足,*,大体満足,多少不満,多少不満,多少不満,派遣社員に現場責任者をやらせるのは会社としてやっていいレベルのものではないと考えております。現場責任者本人のレベル以前の問題だと思います。,1年以内,1年以内,1年以内,"・制御室移設工事
・乾空統合工事他",*,2051020,【BS結果報告】5GTCC中和処理装置冗長化,旭化成(株) 守山動力課,"50,698","50,698",K,フォロー,2021/09/07,2022/03/31,2023/11/30,BWK400 営業第一（大阪駐在),尾崎 文俊,YW5S10 関西エリア事業グループ,小林 祐太, , , , , , , ,受注(注文書受領),YW5S10 関西エリア事業グループ,BWK400 営業第一（大阪駐在),旭化成,国内,契約先と同じ, ,対象外,調査不要,プラント事業部（共通,桑原 武,プラント事業部（共通,桑原 武,営業統括部（共通）,若林 健, , ,エリアＰＪ第一部共通,熊谷 郁夫,営業第一（大阪駐在),辰 雅俊, ,請負工事,金額基準,標準案件,プラント／ＡＫＧｒ向け国内建設業務,その他化学品, , , ,2023/12/15 0:00:00, ,５GTCC中和処理装置冗長化(撤去・新設）,旭化成株式会社,旭化成株式会社　守山動力課,"５GTCCの付帯設備である中和処理装置の冗長化を行う。
既存NO.1,　NO2中和処理装置を撤去し新たにNo.4 中和処理装置の設置。

1 )撤去工事（既設NO.1,2 中和処理装置、
とその基礎、ピット)
2) 新設工事（No.4中和処理装置とその配管設備、5GTCC排水ピットとPB排水ピットへの水中ポンプと送水配管設置）
","1.実施設計およびプロジェクト管理
2.設備・工事の調達
3.機械工事
4.土建工事
5.配管工事、断熱工事
6.電気計装工事
7.仮設工事
8.検査",2022/11/30,小林　祐太,"１．動力エリア内設備を熟知し、手戻りのない施工計画を協力業者と共につくる。
２．追加変更リストを随時共有し、追加費用を確実に回収する。
３．工程に変更が生じる可能性がある場合は、前もって関係各位と調整し、追加変更の影響を最小限に食い止める。","JOB遂行目標：機電計一体となったPJ遂行を行い、顧客のニーズに合致したソリューションを提供し信頼を得る。
＜課題＞
１．運転方法を理解し、顧客の満足する設備を導入する。
２．既設運転エリア内での現地施工工事において、安全・品質・納期を満足する。
＜対策＞
１．既存設備のP&IDを作成した上で、客先の運転方法ヒアリングし設計を実施する。
２．稼働機器と近接するエリア（特に既存No.1,No.2中和処理装置周り）で起こるリスクを洗い出し、施工計画に反映させる。","（リスク）
1.中和処理装置の納期が、想定以上にかかり工期に影響を与える。
2.工事業者の動員が間に合わず、工期に影響を与える。
(対応策）
早期発注手続きの実施。
", ,"1. 施工計画に関しては、ベンダーと何度もやりとりをし安全に実行した。また、安全衛生協議会で据付実施後の振り返りも1次施工ベンダー入れて協議することで安全感度の向上を図った。
２．追加変更は客先と前広に報告していたが、客先コメントにて指摘があったが電線管の撤去、移設に関して現場調査不十分で結果的に追加予算申請を客先に依頼することになった。
３．工事工程に遅れはなかったが、メカランで超高感度型リレーのレベルスイッチの検知について、対応作成に時間と工数がかかった。","現場レベルでは、機械電計工事で意思疎通、日々の錯綜調整はうまくとれていたが、設計内容の詰めが甘く、認識違いが発生した。
ピットへの冷却水の投入を電動弁で客先から指定が来ていたが、エアー駆動弁で検討してしまっていた。計器リストの相互チェック客先要望の反映状況を確認する場をPJとして指導できていなかった。再発防止として、客先アンケート受領後、関係者で対応策を作成し、今後の案件にて対応策を実行している。","１．納期は問題がなく工事へはスムーズに移行できた。
２．前広に工事動員計画に問題がないか1次ベンダーと協議することで、工程への大きな影響はなかった。", ,要,2022/04/01 0:00:00,2022/06/01 0:00:00,2022/07/01 0:00:00, , , ,2022/04/14 0:00:00,2022/04/14 0:00:00,2022/08/26 0:00:00, , , , ,0,2051020
64,102183593,322334,2023-10-06T13:41:41+09:00,2024-01-25T11:41:06+09:00,満足,特に問題はありません。,満足,非常に満足,満足,非常に満足,非常に満足,非常に満足,非常に満足,非常に満足,"全体的に非常に満足しています。
特に５CM(守山)の工事経験者を登用した体制が工事全体の効率化に大変寄与したと感じています。",満足,非常に満足,"定例会で必要な情報共有がなされており、満足しております。
電装品の納期遅延品についても、適宜情報共有がされて代替品の手配等も問題なく工期を守ることができたと思います。",満足,満足,満足,満足,特に問題はなく満足しております。,２年以内,２年以内,未定,ハイポア塗工ライン、ハイポア屋外合理化、その他小規模件名多数。,*,2044600,【BS結果報告】5CN 屋内主機 計装工事（K6）,旭化成(株) ﾊｲﾎﾟｱ日向工場,"426,561","426,561",K,フォロー,2021/05/27,2021/08/26,2023/04/27,CWK400 営業第二グループ,宮田 宣明,CW7220 計装制御技術九州,小田 隆二, , , , , , , ,受注(注文書受領),CW7220 計装制御技術九州,CWK400 営業第二グループ,旭化成,国内,契約先と同じ, ,対象外,調査不要,全社共通(役員),岡田 一郎,ＥＩＣＳ事業部,多田 信嗣,営業統括部（共通）,若林 健, , ,計装制御技術部共通,佐藤 弘文,営業第二グループ,松山 毅,2/8:件名追加,請負工事,金額基準,標準案件,EICS／計装工事,電子・情報材料,"■基本プロセス（屋内外）は守山5CMと同じであり（日向対応の用役設備のみ追加）実施設計及び、工事管理体制については
　 守山5CM実施部隊を投入し（電計技術第一部 西日本グループ）融合体制にて実施し円滑なＰＪを遂行する。
■建設技術者の育成の場として、若手・新人を投入する。（補佐的役割）
■相見積による調達交渉により、コスト削減に努める。
※取組体制", , ,2024/02/28 0:00:00,敬称略： 岡田、多田､佐藤､若林、佐藤(伸)、岩田、大塚、増田、宮田、若松、岩津、田方、夏田、梶本、甲斐、小田,5CN 屋内主機 計装工事（K6） ,旭化成?生産技術本部　計装技術部,宮崎県日向市日知屋16863-1,"車載用LIB市場の伸びに対応するため、
日向工場に製膜３系列を増設。
（増生産量：約3.24億m2/ｙ）
本件は、そのK6設備（原料配合?巻取）、
及びK6?K8建屋共通設備（原料受入、監視）
の計装工事に関するものである。

※現在、注決しているのは設計分のみ","５ＣＮK6設備（建屋共通、K6ライン）に関し
以下を実施する。
１．盤制作（ソフト含む）　5設備
　１）　抽出設備　計装盤
　２）　エアナイフ設備　制御盤／操作盤
　３）　付帯設備　計装盤
　４）　監視カメラBOX類
　５）　FA監視盤（K6）
２．電気計装工事
  盤搬入据付、機器／計器取付、ラック、
  動力／計装配線、電線管配管、仮設工事、
　自主検査
　１）　原料受入／配合設備
　２）　押出設備
　３）　キャスト設備
　４）　二軸延伸設備
　５）　抽出乾燥／計装設備
　６）　横延伸設備
　７）　巻取機設備
　８）　SU、耳巻取機、WW
　９）　監視カメラ
　１０）FA監視設備（K6）
３．ループテスト／試運転助勢",2023/3/31,小田　隆二,"１．守山建設のPJメンバー、ドキュメント
　（図面、ソフト）をフルに活用する。
　　日向工場との仕様変更点をポイントと
　　して押さえ、設計工数を削減する。
２．設計/施工仕様を明確にし、客先から
　　図面承認を得て着手する。
　　出戻り作業を無くすためにもＰＪ管理
　　を密に行い履行状態をきっちり確認
　　する。（PJ会議　2回／月、ドキュメン
　　ト・工程管理）
３．仕様変更については追加変更指示書を
　　運用し、追加/減額となる
　　項目を客先と共有の上、対応を決定
　　する。


","１．長期に渡る現地工事を無事故・無災害
　　で完遂
　　課題：工事期間中は、延岡・日向のAK
　　柵内で複数の大型案件があり、
　　日向で従来施工している地元企業の確
　　保が困難な状況である。
　　県外施工企業を2社程度採用した工事
　　体制になる見込みで、安全・品質確保
　　が重要である。
　　方策：AECの工事管理体制は、守山建設
　　メンバーを中心に体制を組み、
　　施工企業も守山の施工実績も踏まえて
　　ベンダー決定する事で、
　　守山建設の経験を活かした工事計画、
　　安全対策を実施する。合せて専任の安全
　　技術者を採用するなど、多くの目で
　　現場の安全確保に努める。

２．大型案件におけるPJ管理の適切な遂行
　　課題：電計単独で大型案件のPJ管理を
　　実践する機会が少なく経験不足
　　本件を通し適切なPJ管理を習得／実践
　　する。
　　方策：社内イントラのPJマネジメント
　　支援資料を活用する。
　　適宜、設計レビュー会議を開催しPJ管理
　　の履行状態を確認する。
　　環境安全計画書など作成経験が少ない
　　ものについては安全審査等で指導を仰ぎ
　　資料の完成度をあげる。

","<リスク1>
　世界的な半導体、樹脂不足により機器が
　長納期化している
<対 策1>
　発注と材料手配を遅滞なく進め、納期管理
　を徹底する
　納期確保が困難な場合は、速やかに報告、
　客先と対応を協議する
（客先は柔軟に対応する意向を示してく
　れており、はやめはやめで進める）

<リスク2>
　本件は、電計（延岡、守山）と生産情報
　での合同PJの為、情報の共有や、仕様の
　伝達漏れによる作業の手戻りや、
　進捗状況の未確認による納期延長の
　リスクがある。
<対策2>
　PJ実施前に役割を含めた体制や会議体を
　決めるとともに、
　主要メンバーにてTeamsのチャンネルを
　立上げて、予め、コミュニケーションを
　取りやすい環境を準備しておく。", ,"生産情報のＦＡ監視システム構築（４５Ｍ￥）が別発注となった。

計画段階で、仕様未確定だったものが工事を進める中で、
順次仕様決定し金額の増減があった。
最終的に（３１Ｍ￥）の追加があったが、目標の営利５％は確保した。","１．長期に渡る現地工事を無事故・無災害で完遂　：　達成
　　計画した課題・方策を全て実践。
　　１）ＡＥＣ工事管理体制は、守山建設メンバーを中心に体制を組み
　　　　守山建設の経験、ドキュメント類を活かす事が出来た。
　　２）県外施工企業は、大分の栗原工業を採用した。
　　　　延岡・日向地区の工事は不慣れであったが、ＡＫＯＢの方を安全技術者
　　　　として採用するなど、多くの目で現場の安全を確保した。

２．大型案件におけるPJ管理の適切な遂行　：　達成
　　計画した課題・方策を全て実践。
　　１）社内イントラ支援資料の活用、適宜ＤＲ、総合ＰＪ会議を通し、
　　　　適切なＰＪ管理を習得／実践した。
　　２）客先参加で定例会（着工前は月２回、着工後は月１回）を開催し、
　　　　進捗、課題、追加変更など協議しながら確実にＰＪを進めた。
","<リスク1管理実績>
　計画した対策を全て実践。
　発注と材料手配を遅滞なく進め、納期管理を徹底した。
　納期確保が困難な場合は、速やかに報告、客先と対応を協議し、
　代替部品での対応や、部品借用等を行い工事工程を厳守した。

<リスク2>
　計画した対策を全て実践。
　ＰＪメンバーとキックオフミーティングを行いPJが円滑に運営できるよう
　役割、会議体等について協議した。
　ＡＥＣ計装、ＡＥＣ計装＋ＡＫ生技本、ＡＥＣ計装＋施工企業という単位で
　Teamsに３つのチャネルを立上げ、コミュニケーションを取りやすい環境を作った。
","結果振り返り時のその他リスク
１）丁度、コロナが猛威を振るっていた
  時期の現地工事だった。県外来場者も
　多く、感染対策・体調管理に苦労した。
　コロナ罹患者も数名だし、その度に
　現場事務所、控所を共有している
　人は、全員工場に入場できなくなり
　工程変更を余儀なくされた。
　メーカー盤の搬入など日にちを変更
　出来ない時もあり、急遽、別班で工事
　管理体制を組み、入場できないメンバ
　ーは遠隔カメラ（せ―フィー）で自宅から
　現場確認するなど、客先にも協力して
　もらいながら施工した。",要,2021/10/01 0:00:00,2022/01/01 0:00:00,2022/03/01 0:00:00, ,2023/01/01 0:00:00,2023/03/01 0:00:00,2021/10/15 0:00:00,2022/02/20 0:00:00,2022/03/31 0:00:00, ,2023/01/26 0:00:00,2023/03/31 0:00:00, ,0,2044600
65,102187502,322323,2023-10-06T13:57:34+09:00,2024-01-24T15:09:45+09:00,満足,"挨拶、マナー等は、問題なし。
見積りの出し方など必要に応じた事前確認ができていると思います。",非常に満足,非常に満足,満足,満足,非常に満足,満足,満足,満足,"工事設計ついて、成果物の品質にも問題なく、これまでの工事実績や設計資産を他地区とも連携しながら活用できており、効率よく進めていたと感じている。
工程管理も問題なく進められていた。電装部品の納期遅延なども事前に情報を共有していただき、必要な対策がとれた。",大体満足,満足,"定例会があったため、問題点や課題、進捗を随時確認することができていた。
見積依頼等をした際に、提出見込みから遅れる場合は事前に連絡をいただけると助かります。提出時期になってこちらから確認すると、〇〇の見積り待ちです。という場面が多々あった。",満足,満足,どちらでもない,大体満足,"課題や問題点などを相談すると解決策を都度提案してくれて、心強い。
他社と比べてこれまでの実績や設計資産が豊富にある件名は、非常に優位性があると思う。
コストについては、工事内容に対して想定より高いケースがあり、その場合は見積内容(コストアップ要因)の事前に説明いただき、コストダウンできる方法を適宜相談していけたらよいと思う。",２年以内,２年以内,未定,"ハイポア塗工ライン、ハイポア屋外合理化改造、メディカルプラノバなど。
その他、小規模改造案件は多数ある。","・AEC内で部署間の情報共有をもっと促進できると全体の業務効率や品質が向上していくと思う。（例、システム機器部(装置)ー計装工事、生産情報(SCADA)ー計装工事）
・同じ件名においては、生産情報(システム)と計装工事は設計情報のやり取りが多いため同じPJ体制下で実施できることが望ましい。",2044642,【BS結果報告】5CN 屋外設備 計装工事 ,旭化成(株) ﾊｲﾎﾟｱ日向工場,"261,402","275,805",K,フォロー,2021/05/27,2021/07/01,2023/05/31,CWK400 営業第二グループ,宮田 宣明,CW7220 計装制御技術九州,小田 隆二, , , , , , , ,受注(注文書受領),CW7220 計装制御技術九州,CWK400 営業第二グループ,旭化成,国内,契約先と同じ, ,対象外,調査不要,全社共通(役員),岡田 一郎,ＥＩＣＳ事業部,多田 信嗣,営業統括部（共通）,若林 健, , ,計装制御技術部共通,佐藤 弘文,営業第二グループ,松山 毅,"追加２について
本件追加案件であり、方針等変更ないためBSにて承認お願いいたします。(内容については事前説明済み）

見積提出期日：2022/2/16
客先注番：T10JWTE
客先担当：満園 友宏様
購買担当：林 浩子様
",請負工事,金額基準,標準案件,EICS／計装工事,電子・情報材料,"■基本プロセス（屋内外）は守山5CMと同じであり（日向対応の用役設備のみ追加）実施設計及び、工事管理体制については
　 守山5CM実施部隊を投入し（電計技術第一部 西日本グループ）融合体制にて実施し円滑なＰＪを遂行する。
■建設技術者の育成の場として、若手・新人を投入する。（補佐的役割）
■相見積による調達交渉により、コスト削減に努める。
※取組体制", , ,2024/02/28 0:00:00,敬称略： 岡田、多田､佐藤､若林、佐藤(伸)、岩田、大塚、増田、宮田、若松、岩津、田方、夏田、梶本、甲斐、小田,５ＣＮ屋外設備計装工事,旭化成?生産技術本部　計装技術部,宮崎県日向市日知屋16863-1,"車載用LIB市場の伸びに対応するため、
日向工場に製膜３系列を増設。
（増生産量：約3.24億m2/ｙ）
本件は、その屋外設備（排水、用役、回収）
の計装工事に関するものである。

※現在、注決しているのは設計分のみ","５ＣＮ屋外設備（排水、用役、回収）に関し
以下を実施する。
１．盤制作（ソフト含む）　5設備
　１）　排水設備　監視盤／警報盤
　２）　蒸留設備　制御盤／操作盤
　３）　水洗設備　制御盤／操作盤
　４）　タンク設備　制御盤／操作盤
　５）　FA監視盤（屋外）
２．計装工事
  盤搬入据付、機器／計器取付、ラック、
  動力／計装配線、電線管配管、仮設工事、
　自主検査
　１）　排水設備
　２）　吸着設備
　３）　RLP設備
　４）　冷凍設備
　５）　ボイラー設備
　６）　圧気設備
　７）　蒸留設備
　８）　水洗設備
　９）　タンク設備
　１０）FA監視設備（屋外）
３．ループテスト／試運転助勢
",2023/5/31,小田　隆二,"１．守山建設のPJメンバー、ドキュメント
　（図面、ソフト）をフルに活用する。
　　日向工場との仕様変更点をポイントと
　　して押さえ、設計工数を削減する。
２．設計/施工仕様を明確にし、客先から
　　図面承認を得て着手する。
　　出戻り作業を無くすためにもＰＪ管理
　　を密に行い履行状態をきっちり確認
　　する。（PJ会議　2回／月、ドキュメン
　　ト・工程管理）
３．仕様変更については追加変更指示書を
　　運用し、追加/減額となる
　　項目を客先と共有の上、対応を決定
　　する。

","１．長期に渡る現地工事を無事故・無災害
　　で完遂
　　課題：工事期間中は、延岡・日向のAK
　　柵内で複数の大型案件があり、
　　日向で従来施工している地元企業の確
　　保が困難な状況である。
　　県外施工企業を2社程度採用した工事
　　体制になる見込みで、安全・品質確保
　　が重要である。
　　方策：AECの工事管理体制は、守山建設
　　メンバーを中心に体制を組み、
　　施工企業も守山の施工実績も踏まえて
　　ベンダー決定する事で、
　　守山建設の経験を活かした工事計画、
　　安全対策を実施する。合せて専任の安全
　　技術者を採用するなど、多くの目で
　　現場の安全確保に努める。

２．大型案件におけるPJ管理の適切な遂行
　　課題：電計単独で大型案件のPJ管理を
　　実践する機会が少なく経験不足
　　本件を通し適切なPJ管理を習得／実践
　　する。
　　方策：社内イントラのPJマネジメント
　　支援資料を活用する。
　　適宜、設計レビュー会議を開催しPJ管理
　　の履行状態を確認する。
　　環境安全計画書など作成経験が少ない
　　ものについては安全審査等で指導を仰ぎ
　　資料の完成度をあげる。

","<リスク1>
　世界的な半導体、樹脂不足により機器が
　長納期化している
<対 策1>
　発注と材料手配を遅滞なく進め、納期管理
　を徹底する
　納期確保が困難な場合は、速やかに報告、　客先と対応を協議する
（客先は柔軟に対応する意向を示してく
　れており、はやめはやめで進める）

<リスク2>
　本件は、電計（延岡、守山）と生産情報
　での合同PJの為、情報の共有や、仕様の
　伝達漏れによる作業の手戻りや、
　進捗状況の未確認による納期延長の
　リスクがある。
<対策2>
　PJ実施前に役割を含めた体制や会議体を
　決めるとともに、
　主要メンバーにてTeamsのチャンネルを
　立上げて、予め、コミュニケーションを
　取りやすい環境を準備しておく。", ,"計画段階で、仕様未確定だったものが工事を進める中で、
順次仕様決定し金額の増減があった。
最終的に契約金額１５Ｍ￥増であったが、目標の営利５％は確保した。","１．長期に渡る現地工事を無事故・無災害で完遂　：　達成
　　計画した課題・方策を全て実践。
　　１）ＡＥＣ工事管理体制は、守山建設メンバーを中心に体制を組み
　　　　守山建設の経験、ドキュメント類を活かす事が出来た。
　　２）県外施工企業は、大分の栗原工業を採用した。
　　　　延岡・日向地区の工事は不慣れであったが、ＡＫＯＢの方を安全技術者
　　　　として採用するなど、多くの目で現場の安全を確保した。

２．大型案件におけるPJ管理の適切な遂行　：　達成
　　計画した課題・方策を全て実践。
　　１）社内イントラ支援資料の活用、適宜ＤＲ、総合ＰＪ会議を通し、
　　　　適切なＰＪ管理を習得／実践した。
　　２）客先参加で定例会（着工前は月２回、着工後は月１回）を開催し、
　　　　進捗、課題、追加変更など協議しながら確実にＰＪを進めた。
","<リスク1管理実績>
　計画した対策を全て実践。
　発注と材料手配を遅滞なく進め、納期管理を徹底した。
　納期確保が困難な場合は、速やかに報告、客先と対応を協議し、
　代替部品での対応や、部品借用等を行い工事工程を厳守した。

<リスク2>
　計画した対策を全て実践。
　ＰＪメンバーとキックオフミーティングを行いPJが円滑に運営できるよう
　役割、会議体等について協議した。
　ＡＥＣ計装、ＡＥＣ計装＋ＡＫ生技本、ＡＥＣ計装＋施工企業という単位で
　Teamsに３つのチャネルを立上げ、コミュニケーションを取りやすい環境を作った。
","結果振り返り時のその他リスク
１）丁度、コロナが猛威を振るっていた
  時期の現地工事だった。県外来場者も
　多く、感染対策・体調管理に苦労した。
　コロナ罹患者も数名だし、その度に
　現場事務所、控所を共有している
　人は、全員工場に入場できなくなり
　工程変更を余儀なくされた。
　メーカー盤の搬入など日にちを変更
　出来ない時もあり、急遽、別班で工事
　管理体制を組み、入場できないメンバ
　ーは遠隔カメラ（せ―フィー）で自宅から
　現場確認するなど、客先にも協力して
　もらいながら施工した。",要,2021/10/01 0:00:00,2022/01/01 0:00:00,2022/02/01 0:00:00, ,2022/11/01 0:00:00,2023/05/01 0:00:00,2021/10/15 0:00:00,2022/02/20 0:00:00,2022/03/03 0:00:00, ,2022/11/30 0:00:00,2023/05/26 0:00:00, ,0,2044642
66,102187804,322335,2023-10-06T13:58:40+09:00,2023-10-06T14:08:51+09:00,満足,金額規模の大きい内容だったが迅速に対応いただいた。,非常に満足,満足,満足,満足,非常に満足,満足,非常に満足,非常に満足,急な要望等にも対応いただき、問題なくプロジェクトを進められた。,非常に満足,非常に満足,トラブル時も迅速に情報共有いただけた。,非常に満足,非常に満足,満足,非常に満足,度々相談等に乗っていただき、状況に応じた改善策を提案いただけた。,未定,未定,未定,*,*,2044601,【BS結果報告】5CN  K7　計装工事,旭化成(株) ﾊｲﾎﾟｱ日向工場,"374,467","374,467",K,フォロー,2021/05/27,2021/07/01,2023/07/31,CWK400 営業第二グループ,宮田 宣明,CW7220 計装制御技術九州,小田 隆二, , , , , , , ,受注(注文書受領),CW7220 計装制御技術九州,CWK400 営業第二グループ,旭化成,国内,契約先と同じ, ,対象外,調査不要,全社共通(役員),岡田 一郎,ＥＩＣＳ事業部,多田 信嗣,営業統括部（共通）,若林 健, , ,計装制御技術部共通,佐藤 弘文,営業第二グループ,松山 毅,2/8:件名追加,請負工事,金額基準,標準案件,EICS／計装工事,電子・情報材料,"■基本プロセス（屋内外）は守山5CMと同じであり（日向対応の用役設備のみ追加）実施設計及び、工事管理体制については
　 守山5CM実施部隊を投入し（電計技術第一部 西日本グループ）融合体制にて実施し円滑なＰＪを遂行する。
■建設技術者の育成の場として、若手・新人を投入する。（補佐的役割）
■相見積による調達交渉により、コスト削減に努める。
※取組体制", , ,2024/02/28 0:00:00,敬称略： 岡田、多田､佐藤､若林、佐藤(伸)、岩田、大塚、増田、宮田、若松、岩津、田方、夏田、梶本、甲斐、小田,5CN 屋内主機 計装工事（K7） ,旭化成?生産技術本部　計装技術部,宮崎県日向市日知屋16863-1,"車載用LIB市場の伸びに対応するため、
日向工場に製膜３系列を増設。
（増生産量：約3.24億m2/ｙ）
本件は、そのK7設備（原料配合?巻取）、
の計装工事に関するものである。

※現在、注決しているのは設計分のみ","５ＣＮK7設備（K7ライン）に関し
以下を実施する。
１．盤制作（ソフト含む）　5設備
　１）　抽出設備　計装盤
　２）　エアナイフ設備　制御盤／操作盤
　３）　付帯設備　計装盤
　４）　監視カメラBOX類
　５）　FA監視盤（K7）
２．電気計装工事
  盤搬入据付、機器／計器取付、ラック、
  動力／計装配線、電線管配管、仮設工事、
　自主検査
　１）　原料受入／配合設備
　２）　押出設備
　３）　キャスト設備
　４）　二軸延伸設備
　５）　抽出乾燥／計装設備
　６）　横延伸設備
　７）　巻取機設備
　８）　SU、耳巻取機、WW
　９）　監視カメラ
　１０）FA監視設備（K7）
３．ループテスト／試運転助勢",2023/7/31,小田　隆二,"１．守山建設のPJメンバー、ドキュメント
　（図面、ソフト）をフルに活用する。
　　日向工場との仕様変更点をポイントと
　　して押さえ、設計工数を削減する。
２．設計/施工仕様を明確にし、客先から
　　図面承認を得て着手する。
　　出戻り作業を無くすためにもＰＪ管理
　　を密に行い履行状態をきっちり確認
　　する。（PJ会議　2回／月、ドキュメン
　　ト・工程管理）
３．仕様変更については追加変更指示書を
　　運用し、追加/減額となる
　　項目を客先と共有の上、対応を決定
　　する。

","１．長期に渡る現地工事を無事故・無災害
　　で完遂
　　課題：工事期間中は、延岡・日向のAK
　　柵内で複数の大型案件があり、
　　日向で従来施工している地元企業の確
　　保が困難な状況である。
　　県外施工企業を2社程度採用した工事
　　体制になる見込みで、安全・品質確保
　　が重要である。
　　方策：AECの工事管理体制は、守山建設
　　メンバーを中心に体制を組み、
　　施工企業も守山の施工実績も踏まえて
　　ベンダー決定する事で、
　　守山建設の経験を活かした工事計画、
　　安全対策を実施する。合せて専任の安全
　　技術者を採用するなど、多くの目で
　　現場の安全確保に努める。

２．大型案件におけるPJ管理の適切な遂行
　　課題：電計単独で大型案件のPJ管理を
　　実践する機会が少なく経験不足
　　本件を通し適切なPJ管理を習得／実践
　　する。
　　方策：社内イントラのPJマネジメント
　　支援資料を活用する。
　　適宜、設計レビュー会議を開催しPJ管理
　　の履行状態を確認する。
　　環境安全計画書など作成経験が少ない
　　ものについては安全審査等で指導を仰ぎ
　　資料の完成度をあげる。

","<リスク1>
　世界的な半導体、樹脂不足により機器が
　長納期化している
<対 策1>
　発注と材料手配を遅滞なく進め、納期管理
　を徹底する
　納期確保が困難な場合は、速やかに報告、
　客先と対応を協議する
（客先は柔軟に対応する意向を示してく
　れており、はやめはやめで進める）

<リスク2>
　本件は、電計（延岡、守山）と生産情報
　での合同PJの為、情報の共有や、仕様の
　伝達漏れによる作業の手戻りや、
　進捗状況の未確認による納期延長の
　リスクがある。
<対策2>
　PJ実施前に役割を含めた体制や会議体を
　決めるとともに、
　主要メンバーにてTeamsのチャンネルを
　立上げて、予め、コミュニケーションを
　取りやすい環境を準備しておく。", ,"Ｋ６であった追加変更分も含めて本契約した為、計画より（３０Ｍ￥）増となった。

計画段階で、仕様未確定だったものが工事を進める中で、
順次仕様決定し金額の増減があった。
最終的に（１５Ｍ￥）の追加があったが、目標の営利５％は確保した。","１．長期に渡る現地工事を無事故・無災害で完遂　：　達成
　　計画した課題・方策を全て実践。
　　１）ＡＥＣ工事管理体制は、守山建設メンバーを中心に体制を組み
　　　　守山建設の経験、ドキュメント類を活かす事が出来た。
　　２）県外施工企業は、大分の栗原工業を採用した。
　　　　延岡・日向地区の工事は不慣れであったが、ＡＫＯＢの方を安全技術者
　　　　として採用するなど、多くの目で現場の安全を確保した。

２．大型案件におけるPJ管理の適切な遂行　：　達成
　　計画した課題・方策を全て実践。
　　１）社内イントラ支援資料の活用、適宜ＤＲ、総合ＰＪ会議を通し、
　　　　適切なＰＪ管理を習得／実践した。
　　２）客先参加で定例会（着工前は月２回、着工後は月１回）を開催し、
　　　　進捗、課題、追加変更など協議しながら確実にＰＪを進めた。
","<リスク1管理実績>
　計画した対策を全て実践。
　発注と材料手配を遅滞なく進め、納期管理を徹底した。
　納期確保が困難な場合は、速やかに報告、客先と対応を協議し、
　代替部品での対応や、部品借用等を行い工事工程を厳守した。

<リスク2>
　計画した対策を全て実践。
　ＰＪメンバーとキックオフミーティングを行いPJが円滑に運営できるよう
　役割、会議体等について協議した。
　ＡＥＣ計装、ＡＥＣ計装＋ＡＫ生技本、ＡＥＣ計装＋施工企業という単位で
　Teamsに３つのチャネルを立上げ、コミュニケーションを取りやすい環境を作った。
","結果振り返り時のその他リスク
１）丁度、コロナが猛威を振るっていた
  時期の現地工事だった。県外来場者も
　多く、感染対策・体調管理に苦労した。
　コロナ罹患者も数名だし、その度に
　現場事務所、控所を共有している
　人は、全員工場に入場できなくなり
　工程変更を余儀なくされた。
　メーカー盤の搬入など日にちを変更
　出来ない時もあり、急遽、別班で工事
　管理体制を組み、入場できないメンバ
　ーは遠隔カメラ（せ―フィー）で自宅から
　現場確認するなど、客先にも協力して
　もらいながら施工した。",要,2021/10/01 0:00:00,2022/01/01 0:00:00,2022/07/01 0:00:00, ,2023/06/01 0:00:00,2023/07/01 0:00:00,2021/10/15 0:00:00,2022/02/20 0:00:00,2022/07/06 0:00:00, ,2023/06/29 0:00:00,2023/07/31 0:00:00, ,0,2044601
67,102563168,319836,2023-10-11T09:41:09+09:00,2023-11-22T09:53:38+09:00,満足,*,満足,満足,満足,満足,満足,満足,満足,満足,*,満足,満足,*,満足,満足,満足,満足,*,未定,未定,未定,*,*,2028873,【BS結果報告】５ＣＮ５　スプライス装置,旭化成(株) ﾊｲﾎﾟｱ日向工場,"478,095","474,982",K,フォロー,2019/11/01,2020/12/17,2023/09/29,CWK400 営業第二グループ,松山 毅,EW5U00 システム機器部,菅野 洋一, , , , , , , ,受注(注文書受領),EW5U00 システム機器部,CWK400 営業第二グループ,旭化成,国内,契約先と同じ, ,対象外,調査不要,全社共通(役員),岡田 一郎,プラント事業部（共通,桑原 武,営業統括部（共通）,若林 健,調達部,佐藤 伸明,システム機器部,園田 弘道,営業統括部（共通）,若林 健, ,請負工事,金額基準,標準案件,シス機／富士設計,電気・電子機器, , , , , , , , , , , , , , , , , , , , , , , , , , , , , , , , , , , ,2028873
68,102568187,327834,2023-10-11T11:26:30+09:00,2023-10-17T08:17:34+09:00,満足,急な追加件名についても迅速に且つ確実に対応していただいた。,満足,満足,大体満足,大体満足,大体満足,満足,満足,大体満足,*,満足,満足,*,満足,満足,大体満足,大体満足,*,未定,未定,２年以内,*,*,2049366,【BS結果報告】MMC　2023年5月　定修検査,旭化成(株) 水島 設備管理部,"261,320","261,320",K,顧客満足,2022/02/01,2022/05/16,2023/09/30,BWK400 営業第一（大阪駐在),八代 知洋,MY8S30 水島ＡＩＴグループ,猪頭 宏平, , , , , , , ,受注(注文書受領),MY8S30 水島ＡＩＴグループ,BWK400 営業第一（大阪駐在),旭化成,国内,契約先と同じ, ,対象外,調査不要,全社共通(役員),岡田 一郎,プラント事業部（共通,桑原 武,営業統括部（共通）,若林 健,調達部,佐藤 伸明,水島ＡＩＴグループ,佐々井 誠司,営業第一（大阪駐在),辰 雅俊, ,請負工事,金額基準,標準案件,ＰＬ／静止／定修診断・工事,その他製造, , , ,2023/11/29 0:00:00,岡田、桑原、福永、佐藤、石井、若林、辰、八代、佐々井、石倉、猪頭,MMC　2023年5月　定修検査,旭化成株式会社　設備管理部 第2ﾓﾉﾏｰ設備管理課,岡山県倉敷市児島塩生字新浜2767-11,"・旭化成?水島製造所MMC製造施設における法定・自主検査において、高圧ｶﾞｽ設備を主として、法規や内規に基づき健全性及び補修要否の評価をする。
・安全・品質を確保し、抜けのない検査の実施。","2023/5 MMC定修に伴う非破壊検査
業務一式
（保安検査、法定開放検査　57件、自主検査 41件）",2023/9/30,猪頭 宏平,"・定修期間が限られているので、検査結果を適正に評価し、迅速に提出する必要がある為、事前準備として過去の検査履歴の整理をし検査計画書に反映しておく。　
　（検査結果及び提案や補修を想定）
・検査ﾘｽﾄ(計画書)を活用した日々の進捗管理をする事で、検査漏れや検査部位の間違い等をなくし、工期内で完遂する。","・検査速報の早期提出：過去の検査記録を確認し想定される損傷を把握しておく、また検査記録書のﾍﾞｰｽを事前に作成し、準備をさせる。
・検査員の残業対策：法改正により検査員の残業が95hrとなり、検査員の確保及び人員配置の検討が必要な為、検査会社に対し人員の確保及び残業対策を考慮した体制を検討させる。
（役割分担制　現場検査班と記録書作成班など）
・無事故、無災害での完遂：安全協議会を開催し、AECの組織体制定修規模及び作業件名、日々の作業調整予想される錯綜作業
などの末端の作業員まで周知を行う。","・他社との錯綜や雨天等により、計画工程からずれる。
（対策：他社と連絡調整を密に行う。大型重機作業等は、詳細工程作成時に事前調整を行っておく。）
・追加検査等について、納期遅れが発生する。
（対策：設管課、製造課、AITで行う検査連絡会にて検討される追加件名については、ベンダーと調整を行い対応可能範囲で実施する。）","・安全、品質を意識し、無事故・無災害で完遂する。
・検査結果に異常があった場合は、客先に遅滞なく報告するとともに現地確認を行う。","1)計画時からの体制・人員の変更により、外注設計費、設監費が減り、経常利益が増加。
（契約社員 1名減、社員2名増 （社員2名 工賃部場負担))

社員2名 工賃部場負担：1,193hr⇒12,025k\
工賃部場負担でない場合の経常利益：36,907k\
","1)事前に速報のテンプレート作成、評価項目を整理していたことから、的確で迅速な報告（即日）をすることが出来た。
2）計画段階で検査会社に対し、残業対策を考慮した体制を検討させ、追加含めて工期内に完了することができた。また、検査会社とのやり取りをteamsで行うことで、効率的に記録整理を行うことができた。
3)日々の作業調整、末端作業員までの連絡事項の周知、現場パトロールによる指示により、無事故・無災害での完遂することができた。","1)他社との事前調整を行い、工程の遅れなく無事故・無災害で完遂した。
2)追加検査については、基本検査を前倒しできるものについては前倒しで実施し、検査連絡会にて必要な追加検査を早急に議論し、ベンダーと調整を行うことで、必要な追加検査を工期内で実施することができた。",上記と同様,要,2023/02/01 0:00:00,2023/02/01 0:00:00, , ,2023/02/01 0:00:00,2023/03/01 0:00:00,2023/02/20 0:00:00,2023/02/20 0:00:00, , ,2023/02/20 0:00:00,2023/03/20 0:00:00, ,0,2049366
69,103101310,322621,2023-10-16T17:43:51+09:00,2023-10-17T13:57:06+09:00,該当せず,営業の方とはお会いしていません。,非常に満足,非常に満足,満足,非常に満足,非常に満足,非常に満足,非常に満足,満足,*,非常に満足,非常に満足,*,非常に満足,非常に満足,満足,該当せず,*,なし,なし,なし,*,*,2044905,【BS結果報告】ＡＳ一括撤去,旭化成(株) 川崎製造所,"797,124","796,655",K,フォロー,2020/11/02,2021/07/01,2023/09/30,AWK400 営業第一グループ,神谷 敏之,AW4KF1 関東エリア事業ＧＲ,齋藤 陽介, , , , , , , ,受注(注文書受領),AW4KF1 関東エリア事業ＧＲ,AWK400 営業第一グループ,旭化成,国内,契約先と同じ, ,対象外,調査不要,全社共通(役員),岡田 一郎,プラント事業部（共通,桑原 武,営業統括部（共通）,若林 健,調達部,佐藤 伸明,エリアＰＪ第一部共通,熊谷 郁夫,営業第一グループ,増田 秀幸, ,請負工事,金額基準,標準案件,プラント／ＡＫＧｒ向け国内建設業務,樹脂原料・製品, , , ,2024/01/29 0:00:00,岡田さん、桑原さん、熊谷さん、佐藤さん、宮下さん、若林さん、近藤さん、神谷さん、杉本さん、波多野さん,AS工場撤去工事,旭化成株式会社　川崎製造所,神奈川県川崎市川崎区夜光1-3-2,川崎製造所内での大規模な撤去工事。プロセス技術ではなく、工事マネジメント手法が求められるPJである。建屋梁の切断、基礎、杭抜きによる他設備への影響を確認、客先と合意して進めていく。,AS工場内の機械、電計、土建設備の一括撤去及び範囲外配管の撤去。一括撤去範囲内の杭撤去。,2023/6/30,齋藤　陽介,柵内業務であるため、臨機応変に対応するが、工事ベンダーに新規ベンダーを採用したため、工事管理を入念に行う。追加変更が発生した際、、書面にてエビデンス、履歴を残し、客先及びベンダー共に最終精算で揉めないよう努める。,１．仮設工事を段取りよくスタートさせ、手バラシ作業（アスベスト　　撤去含む）をスムーズに開始する事がキーとなる。新規ベン　　ダーを採用するため、初期段階は十分にケアを行っていく。２．客先もAECが代行しているため、密なコミュニケーションを　　日頃から心掛け、タイムリーな課題解決を目指す。３．のべ１０万MH以上の撤去工事であるため、安全管理対策　　を徹底し、無事故無災を目指す。（疑わしきは仕事を止める）,１．川崎製造所での大規模工事を期待通りに成功させ、その他　　柵内工事もAECが行うという良いという流れを作り出す。２．アスベスト撤去/コンクリート殻等産廃処理量が非常に多い　　ため、法規制に注意しながら確実に処理を行う。,土壌汚染は、本注文範囲外とし、基礎杭は洗浄後、破砕する。機器、配管の槽内洗浄の引渡し確認を確実に行う。,"１．各エリアに工事担当をアサインすることで、ベンダー任せにしない工事管理・安全管理を心掛け、工期内に期待通りに引渡資することができた。
２．大きな所掌変更があったが、社内外をコントロールし、客先の期待に応えることができた。追加変更は、客先・ベンダーともに書面によるエビデンスを作成し、お互い納得した上で遂行した。客先に対し、我々の希望通りの追加費用を回収でき、また、ベンダーに対しても、定期的に状況確認をしていたため、スムーズな最終清算ができた。
３．増益に関して、工数は見積通りだが、ＡＥＣ工賃原価差額（1300万円）や派遣人員削減及び単価差額（1600万円）及び見積と実績によるコンガラ運搬費・処理費単価削減（5000万円）によるものが大きい。","１．施工要領を細部まで作りこみ、レッカー位置や重機位置、杭抜き方法などを図解するようベンダーに指導した。
２．工事担当者によるＫＹ参加、必ず発言する習慣をつけた。
iPad使用により、最新図面や情報を現場にて共有することができた。
３．火気使用箇所は、客先、ＡＥＣ、職長、作業者にて確認し、重要事項に関して関係者全員で確認する習慣をつけた。
４．旭化成グループでの業務であるため、全体最適化を考えながら、先行部分引渡や別事業部による利用を考慮した仕舞い等、客先要望や課題の解決に努めた。
５．延べ8.2万ＭＨであった（所掌範囲減少のため）。残念ながら、1件の労災と2件のヒヤリ・トラブルが発生し、無事故無災害とはならなかったが、大きなケガ等なく完工できたことは客先ＰＭからも評価された。","１．トラブルがありつつも、大規模撤去工事を工期通り、満足のいく仕舞いにて完了できたことは評価されたと考える。第2期の工事件名をはじめ、BRアサフレックス撤去工事もAEC特命にて遂行する予定である。
２．2023年度は、多量排出業者となった。15社以上による産廃処理・運搬業者と契約締結し、かつ電子マニフェストによるコントロールと排出量の見える化をすることにより、確実なコントロールを行った。石綿に関して、事前調査など新規制に遵守した対応を行うことができた。","掘削土の持ち出しはなし。
槽内洗浄度合いは、3社立会にて確認、サイン後、火気作業を行った。可燃性物質が含まれていた配管は、すべて湿潤させながら切断し、安全確保に努めた。",不要, , , , , , , , , , , , , ,0,2044905
70,103101661,322621,2023-10-16T17:48:31+09:00,2023-11-15T21:54:53+09:00,満足,*,非常に満足,非常に満足,非常に満足,非常に満足,非常に満足,非常に満足,非常に満足,非常に満足,"作業追加件名に対しても迅速に対応していただいた。
想定外の事が発生しても十分に対応していただけた（不明配管等）
作業仕舞についても製造の意見を十分に聞いていただいた",非常に満足,非常に満足,"報告は早く製造側の確認を待っていただいた状態だった
完成図書も工事完了後速やかに提出していただきました。",非常に満足,満足,該当せず,該当せず,"提案や問題点については現場や調整会議にて丁寧に対応していただき問題なし
コストや他社との比較は私に経験がないためわからない",*,*,*,現在の業務では計画なし,"最後まで安全に対応していただきありがとうございました。
些細な事でも相談できる環境（人）であった事が一番助かりました。",2044905,【BS結果報告】ＡＳ一括撤去,旭化成(株) 川崎製造所,"797,124","796,655",K,フォロー,2020/11/02,2021/07/01,2023/09/30,AWK400 営業第一グループ,神谷 敏之,AW4KF1 関東エリア事業ＧＲ,齋藤 陽介, , , , , , , ,受注(注文書受領),AW4KF1 関東エリア事業ＧＲ,AWK400 営業第一グループ,旭化成,国内,契約先と同じ, ,対象外,調査不要,全社共通(役員),岡田 一郎,プラント事業部（共通,桑原 武,営業統括部（共通）,若林 健,調達部,佐藤 伸明,エリアＰＪ第一部共通,熊谷 郁夫,営業第一グループ,増田 秀幸, ,請負工事,金額基準,標準案件,プラント／ＡＫＧｒ向け国内建設業務,樹脂原料・製品, , , ,2024/01/29 0:00:00,岡田さん、桑原さん、熊谷さん、佐藤さん、宮下さん、若林さん、近藤さん、神谷さん、杉本さん、波多野さん,AS工場撤去工事,旭化成株式会社　川崎製造所,神奈川県川崎市川崎区夜光1-3-2,川崎製造所内での大規模な撤去工事。プロセス技術ではなく、工事マネジメント手法が求められるPJである。建屋梁の切断、基礎、杭抜きによる他設備への影響を確認、客先と合意して進めていく。,AS工場内の機械、電計、土建設備の一括撤去及び範囲外配管の撤去。一括撤去範囲内の杭撤去。,2023/6/30,齋藤　陽介,柵内業務であるため、臨機応変に対応するが、工事ベンダーに新規ベンダーを採用したため、工事管理を入念に行う。追加変更が発生した際、、書面にてエビデンス、履歴を残し、客先及びベンダー共に最終精算で揉めないよう努める。,１．仮設工事を段取りよくスタートさせ、手バラシ作業（アスベスト　　撤去含む）をスムーズに開始する事がキーとなる。新規ベン　　ダーを採用するため、初期段階は十分にケアを行っていく。２．客先もAECが代行しているため、密なコミュニケーションを　　日頃から心掛け、タイムリーな課題解決を目指す。３．のべ１０万MH以上の撤去工事であるため、安全管理対策　　を徹底し、無事故無災を目指す。（疑わしきは仕事を止める）,１．川崎製造所での大規模工事を期待通りに成功させ、その他　　柵内工事もAECが行うという良いという流れを作り出す。２．アスベスト撤去/コンクリート殻等産廃処理量が非常に多い　　ため、法規制に注意しながら確実に処理を行う。,土壌汚染は、本注文範囲外とし、基礎杭は洗浄後、破砕する。機器、配管の槽内洗浄の引渡し確認を確実に行う。,"１．各エリアに工事担当をアサインすることで、ベンダー任せにしない工事管理・安全管理を心掛け、工期内に期待通りに引渡資することができた。
２．大きな所掌変更があったが、社内外をコントロールし、客先の期待に応えることができた。追加変更は、客先・ベンダーともに書面によるエビデンスを作成し、お互い納得した上で遂行した。客先に対し、我々の希望通りの追加費用を回収でき、また、ベンダーに対しても、定期的に状況確認をしていたため、スムーズな最終清算ができた。
３．増益に関して、工数は見積通りだが、ＡＥＣ工賃原価差額（1300万円）や派遣人員削減及び単価差額（1600万円）及び見積と実績によるコンガラ運搬費・処理費単価削減（5000万円）によるものが大きい。","１．施工要領を細部まで作りこみ、レッカー位置や重機位置、杭抜き方法などを図解するようベンダーに指導した。
２．工事担当者によるＫＹ参加、必ず発言する習慣をつけた。
iPad使用により、最新図面や情報を現場にて共有することができた。
３．火気使用箇所は、客先、ＡＥＣ、職長、作業者にて確認し、重要事項に関して関係者全員で確認する習慣をつけた。
４．旭化成グループでの業務であるため、全体最適化を考えながら、先行部分引渡や別事業部による利用を考慮した仕舞い等、客先要望や課題の解決に努めた。
５．延べ8.2万ＭＨであった（所掌範囲減少のため）。残念ながら、1件の労災と2件のヒヤリ・トラブルが発生し、無事故無災害とはならなかったが、大きなケガ等なく完工できたことは客先ＰＭからも評価された。","１．トラブルがありつつも、大規模撤去工事を工期通り、満足のいく仕舞いにて完了できたことは評価されたと考える。第2期の工事件名をはじめ、BRアサフレックス撤去工事もAEC特命にて遂行する予定である。
２．2023年度は、多量排出業者となった。15社以上による産廃処理・運搬業者と契約締結し、かつ電子マニフェストによるコントロールと排出量の見える化をすることにより、確実なコントロールを行った。石綿に関して、事前調査など新規制に遵守した対応を行うことができた。","掘削土の持ち出しはなし。
槽内洗浄度合いは、3社立会にて確認、サイン後、火気作業を行った。可燃性物質が含まれていた配管は、すべて湿潤させながら切断し、安全確保に努めた。",不要, , , , , , , , , , , , , ,0,2044905
71,103102011,322168,2023-10-16T17:53:24+09:00,2023-10-17T07:31:57+09:00,大体満足,親身になって対応してくれた。,どちらでもない,大体満足,どちらでもない,どちらでもない,どちらでもない,どちらでもない,どちらでもない,どちらでもない,体験談で対応してもらえた。,どちらでもない,どちらでもない,普通,どちらでもない,どちらでもない,多少不満,どちらでもない,親身になって対応してくれた。,なし,なし,なし,工場閉鎖の為,多くでは無いが主観による不具合は不要であるように思えた。,2047207,【BS結果報告】旭化成パックス小野工場適法化計画,旭化成ﾊﾟｯｸｽ(株) 本社,"60,000","40,617",K,PJ結果,2021/05/10,2021/08/10,2023/09/28,AWK400 営業第一グループ,神谷 敏之,AW5S10 土木建築部関東GR,木村 司, , , , , , , ,受注(注文書受領),AW5S10 土木建築部関東GR,AWK400 営業第一グループ,旭化成連結会社,国内,契約先と同じ, ,対象外,調査不要,プラント事業部（共通,桑原 武,プラント事業部（共通,桑原 武,営業統括部（共通）,若林 健, , ,土木建築部関東GR,鈴木 友裕,営業第一グループ,増田 秀幸, ,請負工事,金額基準,標準案件,プラント／ＡＫGr向けその他業務,その他化学品, , , , , , , , , , , , , , , , , , , , , , , , , , , , , , , , , , , ,2047207
72,103755960,325381,2023-10-27T17:18:36+09:00,2023-10-27T17:43:41+09:00,満足,過不足のない対応をして頂きました,大体満足,大体満足,満足,非常に満足,非常に満足,満足,非常に満足,非常に満足,"今回ＰＭはあまり表にでないような組織だったので．
また担当者は中堅の方だったので．
工程・ベンダー管理については一部購入品の対応がギリギリとなった為．",満足,満足,"現場で何か問題があったときはすぐに連絡を頂きました．
一方、贅沢を言えば、これくらいはＡＥＣ側で判断して貰えれば、という部分もあったため．
ただ連絡が不足するよりは遥かに良いので現状で満足です．",どちらでもない,どちらでもない,多少不満,大体満足,"今回は業務の性格上、提案力を期待してのものではないので、このあたりの質問はどちらでもないとしました．ポジティブでもネガティブでもない非該当ととらえて下さい．
コストは事前の見積と発注時の変化が大きかった点が不満点です．
また旭化成の仕事をお願いする分では、他社より慣れている分、アドバンテージを感じます．",未定,未定,未定,何かあったら相談させて頂きます．,*,2050643,【BS結果報告】真空ドラムドライヤ更新工事,旭化成(株) 川崎 生産技術本部,"107,987","107,988",K,フォロー,2021/08/16,2022/04/20,2024/01/31,AWK400 営業第一グループ,兒玉 卓,AW4KF1 関東エリア事業ＧＲ,大谷 友基, , , , , , , ,受注(注文書受領),AW4KF1 関東エリア事業ＧＲ,AWK400 営業第一グループ,旭化成,国内,契約先と同じ, ,対象外,調査不要,プラント事業部（共通,桑原 武,プラント事業部（共通,桑原 武,営業統括部（共通）,若林 健,調達部,佐藤 伸明,エリアＰＪ第一部共通,熊谷 郁夫,営業第一グループ,増田 秀幸, ,請負工事,金額基準,標準案件,プラント／ＡＫＧｒ向け国内建設業務,ゴム・ガラス・窯業, , , ,2023/12/01 0:00:00,(計画中),真空ドラムドライヤ更新工事,旭化成(株)川崎製造所,合成ゴム技術開発部　ベンチ設備,合成ゴム技術開発部にて使用している既設ドラムドライヤを、2要素除去が可能な真空ドラムドライヤに置き換えることを目的とした工事。プロセス設計は客先所掌。,機器設計・手配・納入、土木建築工事、機械工事及び既存設備撤去工事、メカラン,2023/4/30,大谷　友基,・P&IDの承認を早期にいただき、追加変更の発生を抑える・追加変更項目は追加変更の有無及び金額を明確化し、早期に判断出来る　ようにする,"1本ＪＯＢは、既設の狭小な建屋内更新となる。必要な動線やメンテスペースについて客先に確認を行い、機器設計及び配管設計に重点的に確認する。  
2既設との取り合い点を明確にし、リスト化、配置図への落とし込みを実施することで取り合い部の寸法間違い、接続仕様間違いを無くす。 
3配管液抜きは顧客にて実施していただき、配管内への残留が無いことを確認する事で工事中の災害の発生を防ぐ。",・モーター納期長期化に伴い、真空ポンプの納期が読めない。　モーター納期遅延した場合の対策を予め顧客及びベンダーと計画しておく。・モータ納期遅延の場合に発生する追加費用については客先にて負担いただく旨を確定仕様書に明記する。・別系列の真空DD設置工事をAECにて実施済。本PJでも要求事項を満足する設備を納入することで、合成ゴム技開部からの信頼獲得につなげる。, , , , , ,要,2022/12/01 0:00:00,2023/01/01 0:00:00,2023/03/01 0:00:00, ,2023/01/01 0:00:00,2022/04/01 0:00:00,2022/11/30 0:00:00,2022/01/31 0:00:00,2023/02/27 0:00:00, ,2023/01/10 0:00:00,2023/05/12 0:00:00, ,0,2050643
73,104028744,327342,2023-11-02T14:22:10+09:00,2023-11-02T14:39:52+09:00,該当せず,*,満足,大体満足,大体満足,大体満足,満足,満足,満足,大体満足,*,満足,該当せず,*,大体満足,大体満足,大体満足,大体満足,*,*,*,*,*,*,2044876,【BS結果報告】TP-5　(調合_付帯設備）現地工事,旭化成(株) 守山 ﾊｲﾎﾟｱ工場,"270,382","270,382",K,フォロー,2021/02/09,2022/12/08,2023/10/31,BWK400 営業第一（大阪駐在),尾崎 文俊,YW5S10 関西エリア事業グループ,原田 俊亮, , , , , , , ,受注(注文書受領),YW5S10 関西エリア事業グループ,BWK400 営業第一（大阪駐在),旭化成,国内,契約先と同じ, ,対象外,調査不要,プラント事業部（共通,桑原 武,プラント事業部（共通,桑原 武,営業統括部（共通）,若林 健, , ,エリアＰＪ第一部共通,熊谷 郁夫,営業第一（大阪駐在),辰 雅俊, ,請負工事,金額基準,標準案件,プラント／ＡＫＧｒ向け国内建設業務,電子・情報材料, , , , , , , , , , , , , , , , , , , , , , , , , , , , , , , , , , , ,2044876
74,104053542,322168,2023-11-02T17:34:33+09:00,2023-11-02T17:42:17+09:00,満足,*,該当せず,該当せず,該当せず,該当せず,該当せず,該当せず,該当せず,該当せず,*,該当せず,該当せず,*,該当せず,該当せず,該当せず,該当せず,*,なし,なし,なし,*,*,2047207,【BS結果報告】旭化成パックス小野工場適法化計画,旭化成ﾊﾟｯｸｽ(株) 本社,"60,000","40,617",K,PJ結果,2021/05/10,2021/08/10,2023/09/28,AWK400 営業第一グループ,神谷 敏之,AW5S10 土木建築部関東GR,木村 司, , , , , , , ,受注(注文書受領),AW5S10 土木建築部関東GR,AWK400 営業第一グループ,旭化成連結会社,国内,契約先と同じ, ,対象外,調査不要,プラント事業部（共通,桑原 武,プラント事業部（共通,桑原 武,営業統括部（共通）,若林 健, , ,土木建築部関東GR,鈴木 友裕,営業第一グループ,増田 秀幸, ,請負工事,金額基準,標準案件,プラント／ＡＫGr向けその他業務,その他化学品, , , , , , , , , , , , , , , , , , , , , , , , , , , , , , , , , , , ,2047207
75,105492400,326793,2023-11-07T17:53:41+09:00,2024-06-07T08:01:49+09:00,満足,"営業担当者としての対応には問題なく対応していただきました。
見積提出、注決まで素早い対応をしていただきました。",非常に満足,非常に満足,満足,満足,非常に満足,満足,満足,非常に満足,施工計画、施工管理、安全管理の高い専門知識で対応いただきました。,満足,満足,要求を満たした書類となっていた。,満足,満足,大体満足,非常に満足,*,５年以内,５年以内,1年以内,*,地区での信頼は高くなり、部場の困りごとに真摯に対応をしていただけるようにこれからもお願いします。地元の業者の採用と教育もお願いいします。,2052176,【BS結果報告】コジェネ棟撤去工事,旭化成ﾌｧｰﾏ(株) 大仁統括ｾﾝﾀｰ,"138,581","138,581",K,顧客満足,2022/03/31,2022/10/01,2023/09/30,AWK400 営業第一グループ,兒玉 卓,EW2S20 中部エリア事業グループ,田邉 俊文, , , , , , , ,受注(注文書受領),EW2S20 中部エリア事業グループ,AWK400 営業第一グループ,旭化成事業会社,国内,契約先と同じ, , ,調査不要,プラント事業部（共通,桑原 武,プラント事業部（共通,桑原 武,営業統括部（共通）,若林 健,調達部,佐藤 伸明,エリアＰＪ第一部共通,熊谷 郁夫,営業統括部（共通）,若林 健, ,請負工事,金額基準,標準案件,プラント／ＡＫＧｒ向け国内建設業務,その他製造, , , , , , , , , , , , , , , , , , , , , , , , , , , , , , , , , , , ,2052176
76,105714503,327219,2023-11-08T16:56:35+09:00,2023-11-08T17:00:10+09:00,満足,こちらからのお問い合わせ、図面修正依頼など、速やかに対応して頂けたので、満足しています。,満足,満足,満足,満足,どちらでもない,大体満足,大体満足,満足,*,満足,多少不満,月末（２９日）に持ってきて頂いたので、こちらで確認、修正依頼する時間が無かった。検収月の月末２週間前にはご提出頂きたい。,大体満足,大体満足,大体満足,大体満足,*,未定,未定,未定,*,*,2050480,【BS結果報告】300m3純水タンク新設,旭化成(株) 富士 動力部,"86,062","86,063",K,フォロー,2019/10/15,2022/10/01,2023/09/29,AWK400 営業第一グループ,兒玉 卓,EW2S20 中部エリア事業グループ,清水 純一郎, , , , , , , ,受注(注文書受領),EW2S20 中部エリア事業グループ,AWK400 営業第一グループ,旭化成,国内,契約先と同じ, ,対象外,調査不要,プラント事業部（共通,桑原 武,プラント事業部（共通,桑原 武,営業統括部（共通）,若林 健,調達部,佐藤 伸明,エリアＰＪ第一部共通,熊谷 郁夫,営業統括部（共通）,若林 健, ,請負工事,金額基準,標準案件,プラント／ＡＫＧｒ向け国内建設業務,その他製造, , , , , , , , , , , , , , , , , , , , , , , , , , , , , , , , , , , ,2050480
77,107010475,327130,2023-11-22T09:35:54+09:00,2023-11-22T09:37:46+09:00,満足,*,満足,満足,非常に満足,満足,大体満足,満足,非常に満足,満足,*,満足,大体満足,*,非常に満足,非常に満足,大体満足,満足,*,未定,未定,1年以内,*,*,2052034,"【BS結果報告】コントロールセンター更新（３）（NMBーN4、N6,N8）",旭化成(株) 延岡 ﾚｵﾅ樹脂・原料工場,"76,091","76,091",K,フォロー,2021/11/01,2022/11/07,2023/09/30,CWK400 営業第二グループ,若松 慧,CW7210 電気技術九州第一,泉山 青也, , , , , , , ,受注(注文書受領),CW7210 電気技術九州第一,CWK400 営業第二グループ,旭化成,国内,契約先と同じ, ,対象外,調査不要,ＥＩＣＳ事業部,多田 信嗣,電気技術部共通,渡辺 宗人,営業統括部（共通）,若林 健,調達部,佐藤 伸明,電気技術九州第一,末永 賢吾,営業第二グループ,松山 毅,NMB系  MCC老朽化更新計画,請負工事,金額基準,標準案件,EICS／電気/改善、更新エンジ,その他化学品,"・これまでの経緯及び実績を踏まえた提案を行い、円滑に設計業務を遂行する。
・ＡＫ購買殿を入れた３者ＫＯＭを開催し、特命化を確実なものにする。
・今後の計画として、用役系のＭＣＣ更新計画も控えており、設技課の立場に立った設計提案を行う。
", , ,2023/10/02 0:00:00,（敬称略）多田、金口、佐藤(伸)、岩田、渡辺、末永、日高、中根、泉山、宮田、若松,コントロールセンター更新（３）（NMBーN4、N6、N8）,旭化成株式会社,旭化成株式会社　レオナ樹脂・原料工場,"1)旭化成株式会社 レオナ樹脂・原料工場のNMB-MCC老朽化に伴う更新工事（?期）一式である。
　※更新前：６面⇒更新後：７面","1)MCC製作×7面
2)現地工事
　・低圧幹線工事(不足分直joint)
　・動力負荷配線工事（　〃　）
　・盤搬入据付工事
　・電気室架台製作設置
　・現地試験",2023/8/31,日高（泉山）,"1.仕様書を細かく確認し、仕様漏れが無い様図面へ確実に反映させ図面変更の手間を無くし余計な設計工数を発生させない。
2.仕様書に記載無い客先要求事項は追加変更確認書を取り交わす。","　※顧客窓口及び図面C&R・社内試験等の実務は全て泉山社員
　　　にて実施。（日高はフォローのみ）
目標：ＭＣＣ更新工事業務遂行能力向上

課題：現場設計力が乏しいため、工事設計力を鍛える
方策：１）熟練者（梶原社員）を配置し現場設計の重要性を理解させる
　　　　２）ケーブル直線接続の基本事項（施工方法等）を理解させる

課題：（泉山社員不在時＊若手研修受講予定)工事管理体制の確立
方策：１）早期に部内調整を実施した上で、バックアップ体制を実施する
　　　　　　　※中島/梶原社員を配置予定 ","＜想定リスク＞
・盤内機器長納期化による納期遅延
＜対応策＞
・製作ベンダーを交え、進捗管理を密に行う。(最低月１回実施）
・設計図書のチェックを早急に行い、機器手配を早めにかける。
　各メーカー納期確認を随時実施する。
　（場合によっては、対応可能メーカを探し変更する等する）",各スケジュールを可視化させて、タスクの整理、優先順位を適切につけて業務を行う（行わせる）,仕様を明確にして、受発注することで目標以上の利益を確保することができた。,"目標?：
　熟練者を配置して実施したものの、若手研修やコロナ罹患等の影響も
　あり残念ながら思うような結果は得られなかった。
　(業務調整を実施し)?U期工事も継続して現場ＯＪＴを実施し工事
　設計力を向上させる。
　
目標?：
　休転中のコロナ罹患者（2名）、被液労災や火災等の影響もあり、
　人員確保に苦労したが、九州第一チーム一丸となって調整したことで、
　36協定遵守と無事故無災害にて工事を完遂することができた。","客先への機器納期共有を行い、メーカーの変更及び製作ベンダーとの機器納期管理を実施したことにより、納期遅延なく進めることができた。

　※部品によっては現在も改善されていない状況のため、
　　 他案件についても継続して実施していく", ,要, ,2023/02/01 0:00:00,2023/04/01 0:00:00, ,2023/02/01 0:00:00,2023/04/01 0:00:00, ,2023/02/06 0:00:00,2023/04/07 0:00:00, ,2023/02/06 0:00:00,2023/04/25 0:00:00, ,0,2052034
78,107762231,325492,2023-12-01T17:39:19+09:00,2024-01-16T10:42:36+09:00,満足,*,満足,満足,大体満足,大体満足,大体満足,満足,非常に満足,非常に満足,*,満足,非常に満足,*,満足,満足,大体満足,大体満足,*,２年以内,未定,未定,*,AECシステム機器部は　社内ベンダー　という位置づけで　詳細図面も含めてご提出頂きたいです。技術のクローズ化（社外秘）したい、研究装置である、などの背景も含めると、詳細図面（例えば、冷却ロールの温調パス構造がどうなっているか、それで冷却速度がどうなっているか？）といった検討がしたいこともご理解頂きたいです。,2052196,【BS結果報告】研究キャスト巻取装置,旭化成(株) 守山,"83,860","83,861",K,フォロー,2022/05/31,2022/06/08,2023/10/31,AWK400 営業第一グループ,兒玉 卓,EW5U00 システム機器部,原 巧, , , , , , , ,受注(注文書受領),EW5U00 システム機器部,AWK400 営業第一グループ,旭化成,国内,契約先と同じ, ,対象外,調査不要,プラント事業部（共通,桑原 武,プラント事業部（共通,桑原 武,営業統括部（共通）,若林 健,調達部,佐藤 伸明,システム機器部,園田 弘道,営業第二グループ,増田 秀幸, ,請負工事,金額基準,標準案件,シス機／商品事業,精密機器, , , , , , , , , , , , , , , , , , , , , , , , , , , , , , , , , , , ,2052196
79,108133173,318949,2023-12-07T15:12:33+09:00,2023-12-11T14:02:39+09:00,非常に満足,時間の内中での、見積・実施検討であったが迅速に対応頂いた。,満足,満足,満足,満足,満足,満足,満足,満足,"法的規制や、事業場独自ルール、切替工程上の制約等、工程・品質共に多くの
管理が必要な工事であったが、柔軟に対応頂き、プラントの垂直立上げに
繋げて頂いた。",満足,満足,業務連絡書等を用い、日々の報告・調整を抜けなく迅速に対応頂いた。,大体満足,大体満足,どちらでもない,大体満足,*,２年以内,1年以内,２年以内,液塩耐震対応撤去工事,*,2028307,【BS結果報告】液塩耐震対応（受槽）工事,旭化成(株) 愛宕事業場,"1,768,175","1,778,803",K,フォロー,2018/12/01,2020/09/01,2023/11/30,CWK400 営業第二グループ,宮田 宣明,CW5T30 九州エリア事業グループ,黛 和浩, , , , , , , ,受注(注文書受領),CW5T30 九州エリア事業グループ,CWK400 営業第二グループ,旭化成,国内,契約先と同じ, , ,調査不要,全社共通(役員),岡田 一郎,プラント事業部（共通,桑原 武,営業統括部（共通）,若林 健, , ,九州エリア事業グループ,安井 理雄,営業第二グループ,松山 毅,"①見積期限：2020/11/10
客先注番：T100Z1J
客先担当：花田　智一様
購買担当：手塚　博忠様
②見積期限：2020/11/10
客先注番：T100WMH
客先担当：花田　智一様
購買担当：手塚　博忠様",請負工事,金額基準,標準案件,プラント／ＡＫＧｒ向け国内建設業務,石油・石炭, , , , , , , , , , , , , , , , , , , , , , , , , , , , , , , , , , , ,2028307
80,110434648,326543,2024-01-10T17:05:52+09:00,2024-01-11T07:02:56+09:00,どちらでもない,営業の方と話をしたのが１年以上前の１回のみで、その時の事は記憶に残っていません。,大体満足,どちらでもない,大体満足,大体満足,どちらでもない,大体満足,大体満足,どちらでもない,撤去工事のみでしたので、設計・製作がなく、技術力の評価する場面はあまりないと思います。,どちらでもない,どちらでもない,物損報告速報を１回頂きましが、内容も速さも普通です。,大体満足,どちらでもない,どちらでもない,どちらでもない,"本工事の注決は、私の意図していない所で、製造課とＡＥＣで話が進んだ経緯があります。
元受けにＡＥＣでなく、松田都市開発に依頼した場合との差異がよくわからないのが
実情だと思います。",なし,なし,なし,*,*,2046044,【BS結果報告】ＨＤー３系列　撤去工事,旭化成(株) 水島製造所,"573,961","573,961",K,フォロー,2020/10/01,2022/09/01,2023/12/29,BWK400 営業第一（大阪駐在),八代 知洋,MY8S50 中国エリア事業グループ,森下 顕慶, , , , , , , ,受注(注文書受領),MY8S50 中国エリア事業グループ,BWK400 営業第一（大阪駐在),旭化成,国内,契約先と同じ, , ,調査不要,全社共通(役員),岡田 一郎,プラント事業部（共通,桑原 武,営業統括部（共通）,若林 健, , ,中国エリア事業グループ,松田 孝知,営業第一（大阪駐在),辰 雅俊, ,請負工事,金額基準,標準案件,プラント／ＡＫＧｒ向け国内建設業務,石油・石炭, ,対象, , , , , , , , , , , , , , , , , , , , , , , , , , , , , , , , , ,2046044
81,110811296,322336,2024-01-17T10:41:59+09:00,2024-01-24T16:08:58+09:00,非常に満足,度重なる追加費精算等がありましたが、迅速且つ正確にご対応いただけたと思います。,非常に満足,非常に満足,非常に満足,非常に満足,非常に満足,満足,非常に満足,満足,度々の手直し対応や各装置メカラン中の急なソフト確認・修正依頼に迅速にご対応いただきスムーズに現場作業を進めることができました。,非常に満足,非常に満足,トラブル時等、電話＆メールで即座に細かく状況をご報告いただいていたと感じております。,非常に満足,非常に満足,満足,非常に満足,ベースに日向既設や守山もありましたが、そこからの細かな変更点等にも漏れなくご対応いただき大きな問題なく完了することができました。,1年以内,1年以内,未定,*,*,2044628,【BS結果報告】5CN K8  計装工事 ,旭化成(株) ﾊｲﾎﾟｱ日向工場,"352,435","352,435",K,フォロー,2021/05/27,2021/07/01,2023/11/30,CWK400 営業第二グループ,宮田 宣明,CW7220 計装制御技術九州,小田 隆二, , , , , , , ,受注(注文書受領),CW7220 計装制御技術九州,CWK400 営業第二グループ,旭化成,国内,契約先と同じ, ,対象外,調査不要,全社共通(役員),岡田 一郎,ＥＩＣＳ事業部,多田 信嗣,営業統括部（共通）,若林 健, , ,計装制御技術部共通,佐藤 弘文,営業第二グループ,松山 毅, ,請負工事,金額基準,標準案件,EICS／計装工事,電子・情報材料,"■基本プロセス（屋内外）は守山5CMと同じであり（日向対応の用役設備のみ追加）実施設計及び、工事管理体制については
　 守山5CM実施部隊を投入し（電計技術第一部 西日本グループ）融合体制にて実施し円滑なＰＪを遂行する。
■建設技術者の育成の場として、若手・新人を投入する。（補佐的役割）
■相見積による調達交渉により、コスト削減に努める。
※取組体制", , ,2024/02/28 0:00:00,敬称略： 岡田、多田､佐藤､若林、佐藤(伸)、岩田、大塚、増田、宮田、若松、岩津、田方、夏田、梶本、甲斐、小田,5CN 屋内主機 計装工事（K8）   ,旭化成?生産技術本部　計装技術部 ,宮崎県日向市日知屋16863-1 ,"車載用LIB市場の伸びに対応するため、
日向工場に製膜３系列を増設。
（増生産量：約3.24億m2/ｙ）
本件は、そのK8設備（原料配合?巻取）、
の計装工事に関するものである。

※現在、注決しているのは設計分のみ   
   
   
   
   
   
","５ＣＮK8設備（K8ライン）に関し
以下を実施する。
１．盤制作（ソフト含む）　5設備
　１）　抽出設備　計装盤
　２）　エアナイフ設備　制御盤／操作盤
　３）　付帯設備　計装盤
　４）　監視カメラBOX類
　５）　FA監視盤（K7）
２．電気計装工事
  盤搬入据付、機器／計器取付、ラック、
  動力／計装配線、電線管配管、仮設工事、
　自主検査
　１）　原料受入／配合設備
　２）　押出設備
　３）　キャスト設備
　４）　二軸延伸設備
　５）　抽出乾燥／計装設備
　６）　横延伸設備
　７）　巻取機設備
　８）　SU、耳巻取機、WW
　９）　監視カメラ
　１０）FA監視設備（K7）
３．ループテスト／試運転助勢",2023/11/30,小田　隆二,"１．守山建設のPJメンバー、ドキュメント
　（図面、ソフト）をフルに活用する。
　　日向工場との仕様変更点をポイントと
　　して押さえ、設計工数を削減する。
２．設計/施工仕様を明確にし、客先から
　　図面承認を得て着手する。
　　出戻り作業を無くすためにもＰＪ管理
　　を密に行い履行状態をきっちり確認
　　する。（PJ会議　2回／月、ドキュメン
　　ト・工程管理）
３．仕様変更については追加変更指示書を
　　運用し、追加/減額となる
　　項目を客先と共有の上、対応を決定
　　する。

","１．長期に渡る現地工事を無事故・無災害
　　で完遂
　　課題：工事期間中は、延岡・日向のAK
　　柵内で複数の大型案件があり、
　　日向で従来施工している地元企業の確
　　保が困難な状況である。
　　県外施工企業を2社程度採用した工事
　　体制になる見込みで、安全・品質確保
　　が重要である。
　　方策：AECの工事管理体制は、守山建設
　　メンバーを中心に体制を組み、
　　施工企業も守山の施工実績も踏まえて
　　ベンダー決定する事で、
　　守山建設の経験を活かした工事計画、
　　安全対策を実施する。合せて専任の安全
　　技術者を採用するなど、多くの目で
　　現場の安全確保に努める。

２．大型案件におけるPJ管理の適切な遂行
　　課題：電計単独で大型案件のPJ管理を
　　実践する機会が少なく経験不足
　　本件を通し適切なPJ管理を習得／実践
　　する。
　　方策：社内イントラのPJマネジメント
　　支援資料を活用する。
　　適宜、設計レビュー会議を開催しPJ管理
　　の履行状態を確認する。
　　環境安全計画書など作成経験が少ない
　　ものについては安全審査等で指導を仰ぎ
　　資料の完成度をあげる。

","<リスク1>
　世界的な半導体、樹脂不足により機器が
　長納期化している
<対 策1>
　発注と材料手配を遅滞なく進め、納期管理
　を徹底する
　納期確保が困難な場合は、速やかに報告、
　客先と対応を協議する
（客先は柔軟に対応する意向を示してく
　れており、はやめはやめで進める）

<リスク2>
　本件は、電計（延岡、守山）と生産情報
　での合同PJの為、情報の共有や、仕様の
　伝達漏れによる作業の手戻りや、
　進捗状況の未確認による納期延長の
　リスクがある。
<対策2>
　PJ実施前に役割を含めた体制や会議体を
　決めるとともに、
　主要メンバーにてTeamsのチャンネルを
　立上げて、予め、コミュニケーションを
　取りやすい環境を準備しておく。", ,"Ｋ６であった追加変更分も含めて本契約した為、計画より（３０Ｍ￥）増となった。

計画段階で、仕様未確定だったものが工事を進める中で、
順次仕様決定し金額の増減があった。
最終的に（１８Ｍ￥）の追加があったが、目標の営利５％は確保した。","１．長期に渡る現地工事を無事故・無災害で完遂　：　達成
　　計画した課題・方策を全て実践。
　　１）ＡＥＣ工事管理体制は、守山建設メンバーを中心に体制を組み
　　　　守山建設の経験、ドキュメント類を活かす事が出来た。
　　２）県外施工企業は、大分の栗原工業を採用した。
　　　　延岡・日向地区の工事は不慣れであったが、ＡＫＯＢの方を安全技術者
　　　　として採用するなど、多くの目で現場の安全を確保した。

２．大型案件におけるPJ管理の適切な遂行　：　達成
　　計画した課題・方策を全て実践。
　　１）社内イントラ支援資料の活用、適宜ＤＲ、総合ＰＪ会議を通し、
　　　　適切なＰＪ管理を習得／実践した。
　　２）客先参加で定例会（着工前は月２回、着工後は月１回）を開催し、
　　　　進捗、課題、追加変更など協議しながら確実にＰＪを進めた。
","<リスク1管理実績>
　計画した対策を全て実践。
　発注と材料手配を遅滞なく進め、納期管理を徹底した。
　納期確保が困難な場合は、速やかに報告、客先と対応を協議し、
　代替部品での対応や、部品借用等を行い工事工程を厳守した。

<リスク2>
　計画した対策を全て実践。
　ＰＪメンバーとキックオフミーティングを行いPJが円滑に運営できるよう
　役割、会議体等について協議した。
　ＡＥＣ計装、ＡＥＣ計装＋ＡＫ生技本、ＡＥＣ計装＋施工企業という単位で
　Teamsに３つのチャネルを立上げ、コミュニケーションを取りやすい環境を作った。
","結果振り返り時のその他リスク
１）丁度、コロナが猛威を振るっていた
  時期の現地工事だった。県外来場者も
　多く、感染対策・体調管理に苦労した。
　コロナ罹患者も数名だし、その度に
　現場事務所、控所を共有している
　人は、全員工場に入場できなくなり
　工程変更を余儀なくされた。
　メーカー盤の搬入など日にちを変更
　出来ない時もあり、急遽、別班で工事
　管理体制を組み、入場できないメンバ
　ーは遠隔カメラ（せ―フィー）で自宅から
　現場確認するなど、客先にも協力して
　もらいながら施工した。",要,2021/10/01 0:00:00,2022/01/01 0:00:00,2022/07/01 0:00:00, ,2028/08/01 0:00:00,2023/11/01 0:00:00,2021/10/15 0:00:00,2022/02/20 0:00:00,2022/07/06 0:00:00, ,2023/08/18 0:00:00,2023/11/30 0:00:00, ,0,2044628
82,110811301,324008,2024-01-17T10:42:05+09:00,2024-01-24T15:48:15+09:00,満足,特に問題は無し。,満足,非常に満足,どちらでもない,大体満足,満足,満足,満足,満足,"全般的に概ね満足している。
工程管理の点で、定例会で確認している予定に対して実際の進捗が遅れている場面と多々あった。遅れが生じる場合は事前に相談＆連絡いただけると優先順位を共有したりできるの、今後は進捗遅れ等は都度共有いただきたい。",どちらでもない,満足,全体的に業務が多忙なのは伝わっていますが、返信や報告等を応答性を簡単な方法でも結構ですので改善していただけると助かります。,満足,非常に満足,どちらでもない,満足,"課題や顧客要望に対して真摯に対応していただけてると感じています。
一方で、実は難しい顧客要望(顧客指定の方法)をそのまま実現する傾向が強く作業性やコスパが悪くなる場面があった。場合によっては、より簡単な代替案で顧客が納得するケースもあるため、顧客要望の本質を見極めて、win-winとなる提案ができると自身の業務負荷低減にもつながると思う。",２年以内,２年以内,*,ハイポア塗工ライン、ハイポア屋外合理化改造、その他小規模設備案件多数。,"これまでの業務実績を活かしてしっかりとシステム構築を実現して頂いたことに感謝しています。
AEC内(計装工事)との情報伝達体制は今後改善していただきたいので、宜しくお願いします。",2042245,【BS結果報告】【ハイポア日向】５ＣＮ　共通　ＦＡ監視システム,旭化成(株) ﾊｲﾎﾟｱ日向工場,"44,000","44,000",K,PJ結果,2020/10/12,2022/02/01,2023/12/31,CWK400 営業第二グループ,宮田 宣明,CW7Y00 生産情報技術部九州G,濱田 伸勝, , , , , , , ,受注(注文書受領),CW7Y00 生産情報技術部九州G,CWK400 営業第二グループ,旭化成,国内,契約先と同じ, ,対象外,調査不要,ＥＩＣＳ事業部,多田 信嗣,生産情報技術共通,渡部 剛久,営業統括部（共通）,若林 健, , ,生産情報技術共通,渡部 剛久,営業第二グループ,松山 毅,"電計技術第二部からの依頼⇒正式照会
見積期限：2021/12/24
客先注番：T10H9PH
客先担当：満薗　友宏様
購買担当：林　浩子様",請負工事,金額基準,標準案件,EICS／MES領域案件,電子・情報材料, , , , , , , , , , , , , , , , , , , , , , , , , , , , , , , , , , , ,2042245
83,111131078,326852,2024-01-22T16:03:42+09:00,2024-01-22T16:07:49+09:00,満足,*,満足,満足,満足,満足,満足,満足,満足,満足,懸案があれば、関係者揃って打合せする機会を設定してくださるのでありがたい。,満足,満足,*,満足,満足,満足,満足,*,なし,なし,２年以内,NH3圧縮機の更新（製造中止、交換部品なし）,*,2009678,【BS結果報告】2022年度JCAM No.2液安タンク開放検査,ｼﾞｪｲｶﾑｱｸﾞﾘ(株) 富士事業所,"47,700","47,700",K,フォロー(追加有),2022/08/01,2022/10/14,2023/12/28,AWK400 営業第一グループ,兒玉 卓,FW5S20 川崎ＡＩＴグループ,菊池 智, , , , , , , ,受注(注文書受領),FW5S20 川崎ＡＩＴグループ,AWK400 営業第一グループ,その他,国内,契約先と同じ, ,対象外,調査不要,プラント事業部（共通,桑原 武,プラントライフ技術部共通,福永 辰也,営業統括部（共通）,若林 健,調達部,佐藤 伸明,川崎ＡＩＴグループ,木浦 政詞,営業第一グループ,増田 秀幸, ,請負工事,金額基準,標準案件,ＰＬ／静止／タンク開放検査一括（Map含む）,樹脂原料・製品, , , ,2024/02/21 0:00:00,桑原、福永、佐藤、石井、若林、兒玉、木浦、菊池,2022年度No.2液安タンク開放検査,ジェイカムアグリ株式会社　富士工場,静岡県富士市鮫島2-1(旭化成富士支社内),"・ジェイカムアグリ?富士工場向けNo.2液安タンクの高圧ガス保安法に従った開放検査を行う。
・付帯作業として、タンク内部足場設置・解体、仮設事務所の設置・撤去を行う。
・亜鉛溶射膜の健全性について、目視検査、膜厚測定の結果から総合的に評価し、適切な溶射補修範囲を工場に報告する。
・MT検査は亜鉛溶射を施したテストピースで探傷条件を決め、実機検査を行う。","・No.2液安タンクの高圧ガス保安法に則った開放検査の実施と、検査結果の一次評価
・タンク内部足場の設置・解体
・仮設事務所、トイレ、喫煙所の設置・撤去",2023/12/22,菊池　智,"・富士における川崎AITの基盤業務の一つとして、安全、品質を意識しながら無事故無災害での完遂を目指す。
・効率的に作業が進むように、工程表を作成する。
・開放検査は、これまでNo.2、No.3液安タンク開放検査を依頼してきた(株)ニチゾウテックに依頼する。（株）ニチゾウテックは過去の検査履歴や亜鉛溶射の劣化評価に関して、知識・経験が有る。","(JOB遂行目標)
　亜鉛溶射膜の犠牲防食の状態評価、及び耐圧性能の正確な評価により、設備の安全性を確保する。
(課題)
　・亜鉛溶射膜の状態を、前回検査結果、目視検査及び膜厚測定により評価し、劣化を認めた部位は補修を提案する。
　・高圧ガス保安法に従った液化アンモニア球形タンクの開放検査を行い、設備の不具合や損傷兆候を検出した場合は、異常拡大を阻止する対応を提案する。　
(課題達成の方策)
　・亜鉛溶射膜の状態を、前回検査結果、目視検査及び膜厚測定により評価し、劣化を認めた部位は補修を提案する。
　・検査結果からSCCが疑われる場合は、必要に応じて追加検査や欠陥削除を提案し、実行する。","?想定リスク・機会
　(PJ管理)
　・アンモニアSCCの発生を見逃す。
　・亜鉛溶射膜の健全性評価を見誤る。
　(工事)
　・酸欠になり倒れる。高所から資材を落下させる。
　(ベンダー管理)
　・工程通りに現場が完遂できず、工期延長となる。
?対応策
　(PJ管理)
　・亜鉛溶射膜上からの磁粉探傷試験を実施する際には、テストピースでの検出精度を確保し、タンク本体の亜鉛溶射膜の膜厚値を確認した上で検査を行う。
　・亜鉛溶射膜の状態を、前回検査結果、目視検査及び膜厚測定により評価し、劣化を認めた部位は補修を提案する。
高圧ガス設備の検査は、記録作成や検査結果に対する補修等の期間を加味し、保安検査実施日まで余裕を持った工程とする。
　(工事)
　・作業主任者(酸素欠乏危険作業、足場の組立て等)を選任し、当該作業に従事する作業員の指揮に当たらせる。
　・作業内容や現場状況に応じたR-KYを行い、残存リスクに対して注意を払う。
　(ベンダー管理)
　・日々進捗管理を行う。検査の進捗は、速報データと共に客先に報告する。","・新型コロナウィルス感染防止対策は旭化成富士支社の管理に合わせる。仮設事務所内ではアルコール消毒、手洗い、マスク着用を徹底する。
・問題点や課題が発生した場合には、都度客先と協議し、進めていく。
・追加変更内容は、文書にて客先から指示を戴き、両者にて明文化して実施する。ベンダーに対する追加、仕様変更等は、都度調達部経由で行う。
・産業廃棄物は、ルールに従って適切に処理を行う。","・本体内面の一部に油分付着が見られ水ベース磁粉液を弾いたため、表面を研磨した。
・MT,PTの指示模様について、研削除去を実施した。
・開放期間延長に伴い、内部足場リース費の追加が発生した。
また、内部溶射膜の状態を再評価して溶射補修範囲を再検討し、32.2m2(2022.12開放検査時)＋13.9m2(2023.9再検討)≒50m2 を溶射補修した。
⇒内面溶接補修を計画するに当たり、随時現場確認のため入槽する必要が有ったことから、タンク内の窒素置換は実施しなかった。","・高圧ガス保安法に則り、施工計画、検査実施、結果評価を行った。
・客先と予め調整した工期内でノートラブル、オンスケジュールで完遂した。但し、現地亜鉛溶射が出来るベンダーが少なくなってきており、開放検査後に溶射ベンダーを手配するのは施工会社が見つからない、亜鉛線の長納期などのリスクが有る。今後は溶射補修範囲を予め見込んで、開放検査と同時に溶射手配することを考える。2024年度No.3タンク開放検査の計画に当たり、工場側と協議を進める。
・実機溶射前に試験片にて規定膜厚(120μm)とするための塗り重ね量や、密着度確認を実施し、技量に問題無いことを確認した。
・槽内の結露防止のため、出前温風器による湿度管理を実施して溶射を施工した。(ブラスト後に結露した場合、鉄表面が錆びて密着性が悪くなる。要求湿度85%未満)","・亜鉛溶射膜上からの溶接部の磁粉探傷検査(MT)であったが、実機MT前にテストピースによる探傷条件の確認を行い、探傷ピッチを決めて検査を行った。
・ベンダーのリスクアセスメントのレビューを行い、換気の向き(TOP 押し込み、BTM 引き抜き)や、槽内、槽外作業者の役割の明確化を行った。
・検査、溶射の工程は、ほぼAECの計画通りで完遂し、要求期日に設備を引き渡すことが出来た。
・実機溶射前に試験片による作業者の技量確認を行った。規定膜厚とするための塗り重ね量や、密着度確認を実施し、技量に問題無いことを確認した。
・槽内の結露防止のため、出前温風器による湿度管理を実施して溶射を施工した。",・産廃(廃ブラスト(鉱さい))は成分分析を行い、分析結果は処理委託先にWDSとして情報提供した。,要,2022/10/01 0:00:00,2022/10/01 0:00:00,2022/10/01 0:00:00, ,2022/10/01 0:00:00,2023/01/01 0:00:00,2022/10/28 0:00:00,2022/10/28 0:00:00,2022/10/28 0:00:00, ,2022/10/28 0:00:00,2023/12/18 0:00:00, ,0,2009678
84,113546785,325559,2024-02-19T15:59:13+09:00,2024-04-19T11:51:14+09:00,満足,*,非常に満足,非常に満足,非常に満足,非常に満足,非常に満足,非常に満足,非常に満足,非常に満足,*,非常に満足,非常に満足,*,非常に満足,非常に満足,非常に満足,非常に満足,*,1年以内,1年以内,1年以内,*,*,2044015,【BS結果報告】延岡支社リニューアル工事,旭化成(株) 総務部,"333,979","329,476",K,フォロー,2021/07/01,2022/06/01,2023/12/31,CWK400 営業第二グループ,松山 毅,CW5T50 土木建築部,鈴木 友裕, , , , , , , ,受注(注文書受領),CW5T50 土木建築部,CWK400 営業第二グループ,旭化成,国内,契約先と同じ, , ,調査不要,全社共通(役員),岡田 一郎,プラント事業部（共通,桑原 武,営業統括部（共通）,若林 健,調達部,佐藤 伸明,土木建築部（共通）,佐藤 光英,営業統括部（共通）,若林 健, ,請負工事,金額基準,標準案件,プラント／ＡＫＧｒ向け国内建設業務,その他化学品, , , , , , , , , , , , , , , , , , , , , , , , , , , , , , , , , , , ,2044015
85,113547815,328355,2024-02-19T16:08:56+09:00,2024-02-29T14:46:57+09:00,満足,*,満足,満足,満足,満足,満足,満足,満足,満足,*,満足,満足,*,満足,満足,満足,非常に満足,*,２年以内,1年以内,なし,*,*,2058085,【BS結果報告】PK-12　集合・MCC盤製作,旭化成ﾒﾃﾞｨｶﾙ(株) ﾌﾟﾗﾉﾊﾞ工場,"33,900","33,900",K,顧客満足,2023/02/28,2023/03/28,2023/12/29,CWK400 営業第二グループ,若松 慧,CW7210 電気技術九州第一,黒田 智仁, , , , , , , ,受注(注文書受領),CW7210 電気技術九州第一,CWK400 営業第二グループ,旭化成連結会社,国内,契約先と同じ, , ,調査不要,ＥＩＣＳ事業部,多田 信嗣,電気技術部共通,渡辺 宗人,営業統括部（共通）,若林 健, , ,電気技術九州第一,末永 賢吾,営業第二グループ,松山 毅,"客先注番：T110FGP
客先担当：今橋　史也様
購買担当：東京購買　菅谷様",請負工事,金額基準,標準案件,EICS／電気/配電盤制御盤/建設,医薬品,"■旭化成へ貢献(安全性・操作性・保守性に配慮した信頼性の高いL/Cの提供)すべく何としても取りに行く。
■基本計画段階より設計支援を実施してきた案件であり､この流れを継続するためにも何としても取りに行く。", , ,2024/03/11 0:00:00,<敬称略>多田、金口、渡辺、末永、黒田,PK-12集合・MCC盤製作,旭化成(株)生産技術本部　電気技術部,旭化成メディカル(株)　プラノバ工場　岡富,"１）岡富プラノバ工場(成型工場)のPK-12
　　新設に伴う集合・MCC盤の製作である。
　　
　社内検査：2023年12月中旬
　現地納品：2024年1月頃(調整中)","１）MCC×1面
２）動力盤×2面
３）UPS一次側自動切替盤×1面
４）計装電源TR盤(20kVA)×1面
５）装置用分電盤×14面
　　(400V×1面、200V×8面、単三×5面)
６）現地増し締め×1式",2023/12/29,黒田　智仁,"１．仕様書を細かく確認し、仕様漏れが無い
     様図面へ確実に反映させ図面変更の
     手間を無くし余計な設計工数を発生させ
     ない。
２．仕様書に記載の無い顧客要求事項は
    追加・変更確認書を必ず取り交わす。","＜目標＞
１．品質トラブルゼロで信頼性の高い製品を
　　提供し、顧客満足度を高める。
２．大里社員(2年目)に、MCCの基礎知識を
　　身に着けさせる。
　　（主要機器の名称と役割、操作方法及び
　　回路図の見方)
＜課題・方策＞
１．試験漏れ防ぐため、製作ベンダーの社内
　　試験結果を全点確認する。
　　あわせて当社で外観検査・動作試験を
　　全数実施する。（客先立会検査前に）
　　現地での増し締め作業は記録を残す。
２．入社2年目であり電気盤に関する知識が
　　浅いため、事前にメーカーカタログや
　　過去納入した写真などを用い説明し、
　　イメージを理解させる。
　　机上で回路図の見方(制御機器番号や
　　図記号等)を事前に説明する。
　　中間検査や社内検査時に同行させ、
　　現物を確認しながら操作方法や取扱い
　　方法を理解させる。","＜想定リスク＞
　　機器長納期化による入荷遅れによる
　　納期遅延
＜対応策＞
１．機器先行手配を行う必要があるため、
　　機器リストを早急に作成し手配を進める。
２．機器手配リストを基に、各機器の入荷
　　予定日及び入荷状況を確認する。
　　(1回/2週間)
３．製作ベンダーを交え、進捗管理の確認を
　　定期的に行う。(1回/月）
４．納期遅延の可能性が出た場合は、速や
　　かに顧客と共有し対応策を協議する。", ,"１．検図段階から仕様漏れが無い様、客先と密に打合せ・仕様確認を行った為、設計変更の手間もなく設計コストを削減できました。
２．ブレーカ容量の軽微な変更はあったがコストに影響がでる追加変更はありませんでした。","目標１
　客先立会検査前に当社で外観検査・動作試験等を全点実施した結果、指摘等はありませんでした。
　現地作業では増締め記録を残し、抜け・漏れ無く満足していただける製品を納品できました。

目標２
　社内検査に同行させる予定であったが、他の案件とのスケジュールが合わなかったため同行できませんでした。
　今後、他の案件を通して知識を身に着けさせ、将来的に単独実施ができるようにする。","機器手配リストを基に納期管理や1回/月の製作進捗管理を実施したことにより、納期遅延なく進めることができた。
　※機器や電線に関して長納期化が改善されていない物もあるため他案件についても継続して実施していく", ,要, ,2023/05/01 0:00:00, , ,2023/05/01 0:00:00,2023/11/01 0:00:00, ,2023/07/05 0:00:00, , ,2023/07/05 0:00:00,2023/11/17 0:00:00, ,0,2058085
86,113547842,327897,2024-02-19T16:09:05+09:00,2024-02-29T14:47:44+09:00,満足,*,満足,満足,満足,満足,満足,満足,満足,満足,*,満足,満足,*,満足,満足,満足,非常に満足,*,２年以内,２年以内,なし,*,*,2054442,【BS結果報告】PK-12LC製作,旭化成ﾒﾃﾞｨｶﾙ(株) ﾌﾟﾗﾉﾊﾞ工場,"135,300","135,300",K,顧客満足,2022/11/10,2023/02/06,2024/01/31,CWK400 営業第二グループ,若松 慧,CW7210 電計九州第一,黒田 智仁, , , , , , , ,受注(注文書受領),CW7210 電気技術九州第一,CWK400 営業第二グループ,旭化成連結会社,国内,契約先と同じ, , ,調査不要,全社共通(役員),岡田 一郎,ＥＩＣＳ事業部,多田 信嗣,営業統括部（共通）,若林 健, , ,電気技術九州第一,末永 賢吾,営業第二グループ,松山 毅,"見積期限
2022年12月初旬",請負工事,金額基準,標準案件,EICS／電気/配電盤制御盤/建設,医薬品,"■旭化成へ貢献(安全性・操作性・保守性に配慮した信頼性の高いL/Cの提供)すべく何としても取りに行く。
■基本計画段階より設計支援を実施してきた案件であり､この流れを継続するためにも何としても取りに行く。", , ,2024/03/11 0:00:00,<敬称略>多田、金口、渡辺、末永、黒田,PK-12　L/C製作,旭化成(株)生産技術本部　電気技術部,旭化成メディカル(株)　プラノバ工場　岡富,"１）岡富プラノバ工場(成型工場)のPK-12
　　新設に伴うL/C製作である。
　　
　現地納品：2023年9月末
　受電予定：2023年12月予定","１）製造棟400V-L/C(1500kVA)
２）空調200V-L/C(1000kVA)
３）装置200V-L/C(750kVA)
４）建屋単三L/C(150kVA)
５）生産装置単三L/C(200kVA)
６）現地組立、増し締め、試験",2024/1/31,黒田　智仁,"１．仕様書を細かく確認し、仕様漏れが無い
　　様図面へ確実に反映させ図面変更の
　　手間を無くし余計な設計工数を発生
　　させない。
２．仕様書に記載の無い顧客要求事項は
　　追加・変更確認書を必ず取り交わす。","＜目標＞
１．品質トラブルゼロで信頼性の高い製品を
　　提供し、顧客満足度を高める。
２．大里社員(2年目)に、L/Cの基礎知識を
　　身に着けさせる。
　　（主要機器の名称と役割、操作方法及び
　　　回路図の見方)
＜課題・方策＞
１．試験漏れ防ぐため、製作ベンダーの社
　　内試験結果を全点確認する。
　　あわせて当社で外観検査・動作試験を
　　全数実施する。（客先立会検査前に）
　　現地での増し締め作業は記録を残し、
　　現地試験は要領書を作成し運用する。
２．入社2年目であり電気盤に関する知識が
　　浅いため、事前にメーカーカタログや
　　過去納入した写真などを用い説明し、
　　イメージを理解させる。
　　机上で回路図の見方(制御機器番号や
　　図記号等)を事前に説明する。
　　中間検査や社内検査時に同行させ、
　　現物を確認しながら操作方法や取扱い
　　方法を理解させる。","＜想定リスク＞
　　機器長納期化による入荷遅れによる
　　納期遅延
＜対応策＞
１．機器先行手配を行う必要があるため、
　　機器リストを早急に作成し手配を進める。
２．機器手配リストを基に、各機器の入荷
　　予定日及び入荷状況を確認する。
　　(1回/2週間)
３．製作ベンダーを交え、進捗管理の確認を
　　定期的に行う。(1回/月）
４．納期遅延の可能性が出た場合は、速や
　　かに顧客と共有し対応策を協議する。","L/C製作案件であり、延岡・日向地区の
標準仕様であることから特別な顧客要求
事項がない為、設計レビュー会議は部内
実施とする。","１．検図段階から仕様漏れが無い様、客先と密に打合せ・仕様確認を行った為、設計変更の手間もなく、余計な設計コストは発生しません。
２．ブレーカ容量の軽微な変更はあったがコストに影響がでる追加変更はありませんでした。","目標１
　客先立会検査前に当社で外観検査・動作試験等を全点実施した結果、保護カバーを追加するなど軽微な手直しはあったが、納品までには全て対応しました。
現地作業では増締め記録・現地試験要領書を基に記録を残し、抜け・漏れ無く満足していただけるL/Cを納品できました。

目標２
　社内検査に同行させ、現物と図面の消込照合を行い制御機器番号や図記号を一致させることができた。
また、動作試験時に機器の操作・回路動作を繰り返し実施した。
今後も計画的に実施して、将来的に単独実施ができるようにする。","機器手配リストを基に納期管理や1回/月の製作進捗管理を実施したことにより、納期遅延なく進めることができた。
※機器や電線に関して長納期化が改善されていない物もあるため他案件についても継続して実施していく。", ,要, ,2023/05/01 0:00:00, , ,2023/05/01 0:00:00,2023/09/01 0:00:00, ,2023/05/16 0:00:00, , ,2023/05/16 0:00:00,2023/09/13 0:00:00, ,0,2054442
87,113551018,328035,2024-02-19T16:42:00+09:00,2024-02-19T19:19:55+09:00,満足,*,満足,満足,満足,満足,満足,満足,満足,満足,*,満足,満足,*,満足,満足,満足,満足,*,２年以内,２年以内,２年以内,*,*,2055570,【BS結果報告】2-5T-AB　L/C 更新,旭化成(株) 延岡 ﾍﾞﾝﾍﾞﾙｸﾞ工場,"55,950","55,950",K,フォロー,2023/01/10,2023/02/27,2023/12/30,CWK400 営業第二グループ,若松 慧,CW7210 電気技術九州第一,青柳 祥平, , , , , , , ,受注(注文書受領),CW7210 電気技術九州第一,CWK400 営業第二グループ,旭化成,国内,契約先と同じ, , ,調査不要,ＥＩＣＳ事業部,多田 信嗣,電気技術部共通,渡辺 宗人,営業統括部（共通）,若林 健, , ,電気技術九州第一,末永 賢吾,営業第二グループ,増田 秀幸,"客先注番：T10XGU
客先担当：由尾　優馬様
購買担当：黒木　淳一様",請負工事,金額基準,標準案件,EICS／電気/改善、更新エンジ,繊維,"2019年度に受注したロードセンター更新計画の3期目となります。基本的な考え方に変更がないため前回の議事録基準にて再承認依頼致します

（6基更新）であり、工場特命物件である。　※一期目は2020年度（2019年度受注）に８基更新済。
二期目は2021年度に4基更新済

", , ,2024/01/16 0:00:00,（敬称略）Teams：多田、金口、新保他　延岡：渡辺、末永、日高、青柳,2-5T-AB　L/C更新,旭化成（株）　ベンベルグ工場,ベンベルグ工場,ベンベルグLC老朽化更新に伴う、更新工事(LC製作含む)である。,"1)LC製作(2式)
　・ 高圧盤-変圧器(3φ500kVA)-低圧F盤
　・ 高圧盤-変圧器(3φ500kVA)-低圧F盤
2)電気工事
3)重量物運搬
4)スレート壁更新工事
5)現地試験(LC,高圧ケーブル)",2023/12/30,　日高（青柳）,　・機器仕様，施工範囲を再確認し、追加変更が生じた際は速やかに増減の項目及び概略金額を客先と共有のうえ対応を決定する。,"目標 　：設計能力向上（ＬＣ、工事設計・現場設計）
課題?：ノウハウの属人化解消
方策　 ：
　１）現場にて使用した資材、工具、施工要領をＰＰＴ等に纏め
　　　させ知識向上と自社育成スキルを高める
　２）シンプルな業務フローを目指し標準化する
　　 （各業務について個別にマニュアルを作成する）
　　　※担当者同士で業務改善のアイデアを出す機会を定期的に開催する
課題?：専門知識の更なる向上（高圧ケーブル絶縁診断・耐圧技術）
方策　 ：
　１）TCP及び現場OJT（九州第二チーム メンバーより指導を受ける）にて
　　　目的や試験要領（方法）を理解する
　　　（将来的に、単独実施ができるようになる）","＜想定リスク＞
・盤内機器長納期化による納期遅延
＜対応策＞
・製作ベンダーを交え、進捗管理を密に行う。(最低月１回実施）
・設計図書のチェックを早急に行い、機器手配を早めにかける。
　各メーカー納期確認を随時実施する。","石綿取扱い作業主任者特別講習を受講する。
　※石綿に関する事前報告システムを活用できるようになり、
　　 部内の有識者として、今後の案件に生かしていく。","　・客先追加変更なし　　
　　※(調達部との連携にて)LC製作・電気工事との一括価格交渉を
　　　　実施したことで、更なるコストダウンができた
　　　　また、担当者同士での連携(協力)等により、労務費(自家工賃)減と
　　　　なった。","　
目標?は一部達成。
　・各設計担当者と対面での質疑や協議、現場確認・照合
　　させる機会を増やすことで、検図の重要性や設計力(図面読解力）を
　　向上させることができた

目標?は達成。
　・九州第二メンバーの協力を得て、ケーブル絶縁診断事前教育(座学、
　　　実技）を開催した上で、現場OJTを実施。
　　　今後も計画的に実施して、将来的に単独実施ができるようにする","客先への機器納期共有を行い、メーカーの変更及び製作ベンダーとの機器納期管理を実施したことにより、納期遅延なく進めることができた。
　※部品によっては現在も改善されていない状況のため、
　　 他案件についても継続して実施していく", ,要,2023/04/01 0:00:00, ,2023/07/01 0:00:00, ,2023/09/01 0:00:00,2023/09/01 0:00:00,2023/04/18 0:00:00, ,2023/07/27 0:00:00, ,2023/09/25 0:00:00,2023/10/13 0:00:00, ,0,2055570
88,113551035,328036,2024-02-19T16:42:09+09:00,2024-02-19T19:20:20+09:00,満足,*,満足,満足,満足,満足,満足,満足,満足,満足,*,満足,満足,*,満足,満足,満足,満足,*,２年以内,２年以内,２年以内,*,*,2055574,【BS結果報告】4-3T-1　L/C更新,旭化成(株) 延岡 ﾍﾞﾝﾍﾞﾙｸﾞ工場,"32,360","32,360",K,フォロー,2023/01/10,2023/02/17,2023/12/30,CWK400 営業第二グループ,若松 慧,CW7210 電気技術九州第一,日高 皓哉, , , , , , , ,受注(注文書受領),CW7210 電気技術九州第一,CWK400 営業第二グループ,旭化成,国内,契約先と同じ, , ,調査不要,ＥＩＣＳ事業部,多田 信嗣,電気技術部共通,渡辺 宗人,営業統括部（共通）,若林 健, , ,電気技術九州第一,末永 賢吾,営業第二グループ,松山 毅,"客先注番：T10XGWV
客先担当：由尾　優馬様
購買担当：黒木　淳一様",請負工事,金額基準,標準案件,EICS／電気/改善、更新エンジ,繊維,"2019年度に受注したロードセンター更新計画の3期目となります。基本的な考え方に変更がないため前回の議事録基準にて再承認依頼致します

（6基更新）であり、工場特命物件である。　※一期目は2020年度（2019年度受注）に８基更新済。
二期目は2021年度に4基更新済

", , ,2024/01/16 0:00:00,（敬称略）Teams：多田、金口、新保他　延岡：渡辺、末永、日高、青柳,4-3T-1 L/C更新,旭化成（株）　ベンベルグ工場,ベンベルグ工場,ベンベルグLC老朽化更新に伴う、更新工事(LC製作含む)である。,"1)LC製作(1式)
　・引込ダクト-変圧器-低圧F盤
2)既設盤改造(MCCB取替)
3)電気工事（不足分直Joint）
4)重量物運搬
5)現地試験(LC)",2023/12/30,　日高,　・機器仕様，施工範囲を再確認し、追加変更が生じた際は速やかに増減の項目及び概略金額を客先と共有のうえ対応を決定する。,"目標：設計能力向上（ＬＣ、工事設計・現場設計）
課題：ノウハウの属人化解消
方策：
　１）現場にて使用した資材、工具、施工要領をＰＰＴ等に纏め
　　　させ知識向上と自社育成スキルを高める
　２）シンプルな業務フローを目指し標準化する
　　 （各業務について個別にマニュアルを作成する）
　　　※担当者同士で業務改善のアイデアを出す機会を定期的に
　　　　 開催する","＜想定リスク＞
・盤内機器長納期化による納期遅延
＜対応策＞
・製作ベンダーを交え、進捗管理を密に行う。(最低月１回実施）
・設計図書のチェックを早急に行い、機器手配を早めにかける。
　各メーカー納期確認を随時実施する。",各スケジュールを可視化させて、タスクの整理、優先順位を適切につけて業務を行う（行わせる）,"　・客先追加変更なし　　
　　※(調達部との連携にて)更なるコストダウンができた。また、担当者同士での連携(協力)等により、労務費(自家工賃)減となった。","目標は部分達成。
　※繁忙期等も重なったことで資料纏め、業務フロー作成まで至らなかった。業務調整を実施し改善を図る活動を実施していく","客先への機器納期共有を行い、メーカーの変更及び製作ベンダーとの機器納期管理を実施したことにより、納期遅延なく進めることができた。
　※部品によっては現在も改善されていない状況のため、他案件についても継続して実施していく", ,要,2023/04/01 0:00:00, ,2023/07/01 0:00:00, ,2023/10/01 0:00:00,2023/09/01 0:00:00,2023/04/18 0:00:00, ,2023/07/27 0:00:00, ,2023/05/15 0:00:00,2023/10/03 0:00:00, ,0,2055574
89,113551251,328037,2024-02-19T16:44:41+09:00,2024-04-19T15:57:54+09:00,満足,*,非常に満足,非常に満足,非常に満足,非常に満足,非常に満足,非常に満足,非常に満足,非常に満足,*,非常に満足,非常に満足,*,非常に満足,非常に満足,満足,非常に満足,*,未定,未定,1年以内,*,*,2055575,【BS結果報告】7-3T-1　L/C更新  ,旭化成(株) 延岡 ﾍﾞﾝﾍﾞﾙｸﾞ工場,"48,600","48,600",K,顧客満足,2022/12/26,2023/02/27,2023/12/30,CWK400 営業第二グループ,若松 慧,CW7210 電気技術九州第一,中根 裕作, , , , , , , ,受注(注文書受領),CW7210 電気技術九州第一,CWK400 営業第二グループ,旭化成,国内,契約先と同じ, , ,調査不要,ＥＩＣＳ事業部,多田 信嗣,電気技術部共通,渡辺 宗人,営業統括部（共通）,若林 健, , ,電気技術九州第一,末永 賢吾,営業第二グループ,松山 毅,"客先注番：T10XGWX
客先担当：由尾　優馬様
購買担当：黒木　淳一様",請負工事,金額基準,標準案件,EICS／電気/改善、更新エンジ,繊維,"2019年度に受注したロードセンター更新計画の3期目となります。基本的な考え方に変更がないため前回の議事録基準にて再承認依頼致します

（6基更新）であり、工場特命物件である。　※一期目は2020年度（2019年度受注）に８基更新済。
二期目は2021年度に4基更新済
", , ,2024/01/16 0:00:00,敬称略）Teams：多田(欠席)、金口、中島、杉岡、岩田、若松　　延岡：渡辺、末永、日高、中根、青柳、泉山,7-3T-1　L/C更新,旭化成（株）　ベンベルグ工場,ベンベルグ工場,ベンベルグLC老朽化更新に伴う、更新工事(LC製作含む)である。,"1)LC製作
　・高圧盤-Ｔｒ(3φ500kVA)-低圧F盤
2)電気工事(不足分直ジョイント他)
3)ダクト敷設工事
4)LC架台工事
5)重量物運搬
6)現地試験(LC，高圧ケーブル)",2023/12/30,　日高（中根）,・機器仕様，施工範囲を再確認し、追加変更が生じた際は速やかに増減の項目及び概略金額を客先と共有のうえ対応を決定する。,"目標 　：設計能力向上（ＬＣ、工事設計・現場設計）
課題?：ノウハウの属人化解消
方策　 ：
　１）現場にて使用した資材、工具、施工要領をＰＰＴ等に纏めさせ知識向上と自社育成スキルを高める
　２）シンプルな業務フローを目指し標準化する（各業務について個別にマニュアルを作成する）
※担当者同士で業務改善のアイデアを出す機会を定期的に開催する
課題?：専門知識の更なる向上（高圧ケーブル絶縁診断・耐圧技術）
方策　 ：
　１）TCP及び現場OJT（九州第二チーム メンバーより指導を受ける）にて目的や試験要領（方法）を理解する（将来的に、単独実施ができるようになる）","＜想定リスク＞
・盤内機器長納期化による納期遅延
＜対応策＞
・製作ベンダーを交え、進捗管理を密に行う。(最低月１回実施）
・設計図書のチェックを早急に行い、機器手配を早めにかける。
　各メーカー納期確認を随時実施する。",各スケジュールを可視化させて、タスクの整理、優先順位を適切につけて業務を行う（行わせる）,"　・客先追加変更なし　　
　　※各項でのコスト増減はあるものの、
　　　　(調達部との連携にて)関連工事
　　　　との一括価格交渉を実施したこと
　　　　で、更なるコストダウンが図れた
　　　　また、担当者同士での連携(協力)
　　　　等により、労務費(自家工賃)減と
　　　　なった。
","目標?は部分達成。
　・各設計担当者（ベンダー）と対面での
　　質疑や協議、現場確認・照合させる
　　機会を増やすことで、検図の重要性
　　や設計力(図面読解力）を向上させる
　　ことができた

目標?は達成。
　・九州第二メンバーの協力を得て、
　　ケーブル絶縁診断事前教育(座学、
　　実技）を開催した上で、現場OJTを
　　実施。
　　今後も計画的に実施して、
　　将来的に単独実施ができるようにする","客先への機器納期共有を行い、メーカーの変更及び製作ベンダーとの機器納期管理を実施したことにより、納期遅延なく進めることができた。
※部品によっては現在も改善されていない状況のため、他案件についても継続して実施していく", ,要,2023/04/01 0:00:00, ,2023/07/01 0:00:00, ,2023/09/01 0:00:00,2023/09/01 0:00:00,2023/05/15 0:00:00, ,2023/07/27 0:00:00, ,2023/05/23 0:00:00,2023/10/02 0:00:00, ,0,2055575
90,115434392,328266,2024-03-13T13:41:01+09:00,2024-04-10T12:38:21+09:00,非常に満足,*,非常に満足,非常に満足,非常に満足,非常に満足,非常に満足,非常に満足,非常に満足,非常に満足,*,非常に満足,非常に満足,*,非常に満足,非常に満足,大体満足,非常に満足,*,未定,未定,２年以内,*,工事、保全共に重要案件を控えていますので、引き続き宜しくお願い致します。,2055092,【BS結果報告】新事務所棟L/C製作,旭化成ﾒﾃﾞｨｶﾙ(株) (大分)生産技術統括本部,"61,820","61,820",K,フォロー,2023/01/09,2023/03/09,2024/02/28,CWK400 営業第二グループ,若松 慧,CW7210 電気技術九州第一,青柳 祥平, , , , , , , ,受注(注文書受領),CW7210 電気技術九州第一,CWK400 営業第二グループ,旭化成連結会社,国内,契約先と同じ, , ,調査不要,ＥＩＣＳ事業部,多田 信嗣,電気技術部共通,渡辺 宗人,営業統括部（共通）,若林 健, , ,電気技術九州第一,末永 賢吾,営業第二グループ,増田 秀幸, ,請負工事,金額基準,標準案件,EICS／電気/建設エンジ,医療機器,本件は、旭化成メディカル大分新事務所棟新築に伴う電源設備構築案件であり、L/C基本設計及び製作と高圧配線工事について　設備管理部より依頼があった。　　　　　　　　　　　　　　　　　　　　　　　　　　　　　　　　　　　　　　　　　　　　　　　　　　　　　　客先意向としては今までのL/C更新計画に携わってきた当社に特命発注で工場側の承認を得ている。この流れを継続するためにも何としても取りに行く。　　　　　　　　　　　　　　　　　　　　　　　　　　　　　　　　　　　　　　　　　　　　　　　　　　　　（納期23年10月末受電）, , , , , , , , , , , , , , , , , , , , , , , , , , , , , , , , , , ,2055092
91,116400626,328002,2024-03-28T14:54:48+09:00,2024-04-01T09:37:27+09:00,非常に満足,*,非常に満足,非常に満足,非常に満足,非常に満足,非常に満足,非常に満足,どちらでもない,非常に満足,対応が早く、かゆい所に手が届くサポート力で助かっています,非常に満足,非常に満足,*,非常に満足,非常に満足,不満,満足, ,未定,未定,未定,*,*,2044374,【BS結果報告】５ＣＱ１ーＩ５０２　調合・付帯計装工事,旭化成(株) 守山,"39,666","39,666",K,フォロー,2021/02/01,2023/02/24,2024/07/31,BWK400 営業第一（大阪駐在),鎌田 貴弘,YW7100 計装制御技術西日本（守山）,前田 将志, , , , , , , ,受注(注文書受領),YW7100 計装制御技術西日本（守山）,BWK400 営業第一（大阪駐在),旭化成,国内,契約先と同じ, ,対象外,調査不要,ＥＩＣＳ事業部,多田 信嗣,計装制御技術部共通,佐藤 弘文,営業統括部（共通）,若林 健, , ,計装制御技術西日本（守山）,植松 宣州,営業第一（大阪駐在),辰 雅俊, ,請負工事,金額基準,標準案件,旧AECS／計装制御/エンジ,繊維, , , , , , , , , , , , , , , , , , , , , , , , , , , , , , , , , , , ,2044374
92,116400645,325986,2024-03-28T14:55:06+09:00,2024-04-01T09:44:00+09:00,非常に満足,*,非常に満足,非常に満足,非常に満足,非常に満足,非常に満足,非常に満足,非常に満足,非常に満足,新規技術導入について、前向きに課題を解決頂き大変助かりました。,非常に満足,非常に満足,*,非常に満足,非常に満足,非常に満足,非常に満足,新規設計案件では、強みが発揮されると思いますが、小規模改造ではコスト面で他社との競争の土壌に持ち込めないことが多いです。,未定,未定,未定,*,*,2052538,【BS結果報告】５ＣＱ１　調合・付帯制御システム,旭化成(株) 守山,"33,075","33,075",K,フォロー,2022/06/01,2022/07/01,2024/06/30,BWK400 営業第一（大阪駐在),鎌田 貴弘,YW7100 計装制御技術西日本（守山）,駒井 伸之, , , , , , , ,受注(注文書受領),YW7100 計装制御技術西日本（守山）,BWK400 営業第一（大阪駐在),旭化成,国内,契約先と同じ, ,対象外,調査不要,ＥＩＣＳ事業部,多田 信嗣,計装制御技術部共通,佐藤 弘文,営業統括部（共通）,若林 健, , ,計装制御技術西日本（守山）,植松 宣州,営業第一（大阪駐在),辰 雅俊, ,請負工事,金額基準,標準案件,旧AECS／計装制御/エンジ,繊維, , , , , , , , , , , , , , , , , , , , , , , , , , , , , , , , , , , ,2052538
93,116401394,325897,2024-03-28T15:12:17+09:00,2024-03-28T15:50:52+09:00,大体満足,本件、発注時の担当者は他の者だったので、どのように進んだかは把握できていませんが、特に不満はありません。,満足,満足,不満,満足,満足,大体満足,満足,満足,工程に関して、余裕を持ったスケジュールで発注していたはずだが、設計・製作スケジュールがかなり遅れていた。結果的に、プロジェクトの全体工程が遅れたため間に合ったが、それが無ければ危なかった。,大体満足,満足,*,大体満足,満足,多少不満,該当せず,コストの妥当性は難しいところであるが、仕様書上は、「運転方案打合せを行い、制御機能設計を行うこと。」となっていたにも関わらず、既設思想から変更となった際に、大きな追加費用が発生することとなった。（発注時の打合せには参加できていませんので、経緯は不明ですが）,1年以内,未定,未定,*,今後ともよろしくお願いいたします。,2052513,【BS結果報告】TP-5ライン制御システム,旭化成(株) 守山,"8,922","8,922",K,フォロー,2022/06/01,2022/07/08,2024/03/22,BWK400 営業第一（大阪駐在),鎌田 貴弘,YW7100 計装制御技術西日本（守山）,沖田 大尚, , , , , , , ,受注(注文書受領),YW7100 計装制御技術西日本（守山）,BWK400 営業第一（大阪駐在),旭化成,国内,契約先と同じ, ,対象外,調査不要,計装制御技術西日本（守山）,植松 宣州,計装制御技術西日本（守山）,植松 宣州,営業第一（大阪駐在),辰 雅俊, , ,計装制御技術西日本（守山）,植松 宣州,営業第一（大阪駐在),辰 雅俊, ,請負工事,金額基準,標準案件,旧AECS／計装制御/エンジ,繊維, , , , , , , , , , , , , , , , , , , , , , , , , , , , , , , , , , , ,2052513
94,116401534,326882,2024-03-28T15:16:33+09:00,2024-03-28T16:05:20+09:00,大体満足,*,大体満足,どちらでもない,満足,満足,非常に満足,大体満足,大体満足,満足,成果物（資料）についてはきちんと作成いただき助かっています。一方で、追加に関しては弊社と逐次確認させて頂きながら進めましたが金額が少々高いと思う時がありました。安全対策、工程管理はきちんと対応下さり助かりました。,満足,非常に満足,*,満足,大体満足,多少不満,どちらでもない,他社の元請けとは、体制が異なるため比較が難しいです。体制が異なることによるコストアップ分の対価を安全管理強化・下請け見積もり査定によるコストダウン、基本設計・詳細設計による成果物、技術提案等で補完頂けると幸いです。,1年以内,1年以内,1年以内,今後は基本海外メインとなります。柵内でも小型～中型の工事はありますが、別途お伝えします。,*,2044373,【BS結果報告】５ＣＱ低圧電気工事,旭化成(株) 守山,"201,782","201,632",K,フォロー(追加有),2022/01/05,2022/10/20,2024/03/31,BWK400 営業第一（大阪駐在),鎌田 貴弘,MW7310 電気技術西日本（水島）,田方 満寛, , , , , , , ,受注(注文書受領),MW7310 電気技術西日本（水島）,BWK400 営業第一（大阪駐在),旭化成,国内,契約先と同じ, ,対象外,調査不要,全社共通(役員),岡田 一郎,ＥＩＣＳ事業部,多田 信嗣,営業統括部（共通）,若林 健, , ,電気技術部共通,渡辺 宗人,営業第一（大阪駐在),辰 雅俊, ,請負工事,金額基準,標準案件,旧AECS／計装制御/エンジ,繊維, , , , , , , , , , , , , , , , , , , , , , , , , , , , , , , , , , , ,2044373
95,116867765,328382,2024-04-05T16:49:05+09:00,2024-04-08T12:16:53+09:00,非常に満足,*,非常に満足,満足,満足,非常に満足,非常に満足,満足,非常に満足,非常に満足,*,満足,満足,*,満足,満足,多少不満,満足,*,未定,未定,未定,*,*,2049260,【BS結果報告】製塩工場 高圧配電設備更新（第三期）,(株)日本海水 購買部,"123,075","111,075",K,フォロー,2022/04/04,2023/03/29,2024/01/31,BWK400 営業第一（大阪駐在),尾崎 文俊,MW7310 電気技術西日本（水島）,上野 耕輔, , , , , , , ,受注(注文書受領),MW7310 電気技術西日本（水島）,BWK400 営業第一（大阪駐在),その他,国内,契約先と同じ, ,対象外,調査不要,全社共通(役員),岡田 一郎,ＥＩＣＳ事業部,多田 信嗣,営業統括部（共通）,若林 健,調達部,佐藤 伸明,電気技術西日本（水島）,新保 雅之,営業第一（大阪駐在),辰 雅俊, ,請負工事,金額基準,標準案件,EICS／電気/改善、更新エンジ,食品, , , , , , , , , , , , , , , , , , , , , , , , , , , , , , , , , , , ,2049260
96,116991988,328295,2024-04-08T10:57:31+09:00,2024-04-08T14:52:14+09:00,満足,迅速に対応いただけたと感じる,非常に満足,非常に満足,非常に満足,非常に満足,非常に満足,非常に満足,非常に満足,非常に満足,同期ということもあり、綿密にコミュニケーションが取れ、みんなが納得のいく設備に仕上がったと感じています。,非常に満足,非常に満足,迅速かつ期日通りの対応でした,非常に満足,非常に満足,満足,非常に満足,*,未定,未定,未定,*,*,2058033,"【BS結果報告】BS-1,2延伸機製作",旭化成(株) 鈴鹿製造所,"261,670","261,670",K,フォロー,2021/04/01,2022/11/15,2024/03/31,BWK400 営業第一（大阪駐在),辰 雅俊,EW5U00 システム機器部,林 信吾, , , , , , , ,受注(注文書受領),EW5U00 システム機器部,BWK400 営業第一（大阪駐在),旭化成,国内,契約先と同じ, ,対象外,調査不要,プラント事業部（共通,桑原 武,プラント事業部（共通,桑原 武,営業統括部（共通）,若林 健,調達部,佐藤 伸明,システム機器部,園田 弘道,営業統括部（共通）,若林 健, ,請負工事,金額基準,標準案件,シス機／商品事業,樹脂原料・製品, , , , , , , , , , , , , , , , , , , , , , , , , , , , , , , , , , , ,2058033
97,117004790,328295,2024-04-08T13:36:24+09:00,2024-04-08T14:37:34+09:00,非常に満足,*,非常に満足,非常に満足,非常に満足,非常に満足,非常に満足,非常に満足,非常に満足,非常に満足,*,非常に満足,非常に満足,*,非常に満足,非常に満足,満足,非常に満足,*,未定,未定,未定,*,*,2058033,"【BS結果報告】BS-1,2延伸機製作",旭化成(株) 鈴鹿製造所,"261,670","261,670",K,フォロー,2021/04/01,2022/11/15,2024/03/31,BWK400 営業第一（大阪駐在),辰 雅俊,EW5U00 システム機器部,林 信吾, , , , , , , ,受注(注文書受領),EW5U00 システム機器部,BWK400 営業第一（大阪駐在),旭化成,国内,契約先と同じ, ,対象外,調査不要,プラント事業部（共通,桑原 武,プラント事業部（共通,桑原 武,営業統括部（共通）,若林 健,調達部,佐藤 伸明,システム機器部,園田 弘道,営業統括部（共通）,若林 健, ,請負工事,金額基準,標準案件,シス機／商品事業,樹脂原料・製品, , , , , , , , , , , , , , , , , , , , , , , , , , , , , , , , , , , ,2058033
98,118134972,327304,2024-04-22T19:05:46+09:00,2024-04-22T19:10:06+09:00,満足,*,非常に満足,満足,満足,満足,満足,満足,非常に満足,満足,*,満足,満足,*,満足,満足,多少不満,満足,*,未定,未定,未定,*, ,2054603,【BS結果報告】ＰＩ品証棟ＯＳＢＬ電気工事,旭化成(株)  ,"51,797","51,397",K,フォロー,2022/10/11,2022/12/01,2023/12/29,AWK400 営業第一グループ,兒玉 卓,FW7310 電気技術東日本（川崎）,島津 崇紘, , , , , , , ,受注(注文書受領),FW7310 電気技術東日本（川崎）,AWK400 営業第一グループ,旭化成,国内,契約先と同じ, ,対象外,調査不要,ＥＩＣＳ事業部,多田 信嗣,電気技術部共通,渡辺 宗人,営業統括部（共通）,若林 健,調達部,佐藤 伸明,電気技術西日本（水島）,新保 雅之,営業第一グループ,増田 秀幸, ,請負工事,金額基準,標準案件,EICS／電気/改善、更新エンジ,樹脂原料・製品, , , , , , , , , , , , , , , , , , , , , , , , , , , , , , , , , , , ,2054603
99,118153792,328331,2024-04-23T08:50:51+09:00,2024-04-23T09:06:21+09:00,満足,追加見積等スピーディーな対応をいただきました。,非常に満足,非常に満足,満足,非常に満足,非常に満足,非常に満足,非常に満足,非常に満足,短い工期で効率的な工事実施していただいました。約束工期を守って無事故・無災害で完工いただきました。,大体満足,満足,*,満足,満足,どちらでもない,非常に満足,発注者側が把握できていない法律、社内規則を考慮した提案が出来ていました。,２年以内,２年以内,２年以内,*,設計、見積まで時間が掛かります。弊社としても時間的に余裕を持った見積相談などしていくことが必要と考えます。貴社からも弊社の相談を受けることができるような関係性を深めてください。本工事では長年の地区問題解決に寄与いただきありがとうございました。,2054630,【BS結果報告】北柵エリア雨水三福柵内移送工事,旭化成ﾌｧｰﾏ(株) 大仁統括ｾﾝﾀｰ,"63,797","63,797",K,フォロー,2022/12/02,2023/03/01,2024/03/31,AWK400 営業第一グループ,兒玉 卓,EW2S20 中部エリア事業グループ,田邉 俊文, , , , , , , ,受注(注文書受領),EW2S20 中部エリア事業グループ,AWK400 営業第一グループ,旭化成事業会社,国内,契約先と同じ, , ,調査不要,プラント事業部（共通,桑原 武,プラント事業部（共通,桑原 武,営業統括部（共通）,若林 健,調達部,佐藤 伸明,エリアＰＪ第一部共通,熊谷 郁夫,営業統括部（共通）,若林 健,EICS社内売含む4859Ｋ￥+追加2182K￥＝計7041K￥,請負工事,金額基準,標準案件,プラント／ＡＫＧｒ向け国内建設業務,その他製造, , , , , , , , , , , , , , , , , , , , , , , , , , , , , , , , , , , ,2054630
100,118154254,324165,2024-04-23T09:06:29+09:00,2024-04-23T09:12:43+09:00,満足,*,非常に満足,非常に満足,非常に満足,非常に満足,非常に満足,非常に満足,非常に満足,非常に満足,2年の工期中、予期せぬ障害にも最適な工法提案、安全管理の実施、地域住民への真摯な対応をしていただきました。,満足,満足,*,非常に満足,非常に満足,非常に満足,非常に満足, ,２年以内,２年以内,２年以内,構内雨水排水路改善工事,2年間と長い工期の中で良い関係が気付けたと思います。また、技術力や提案力にも感心しました。今後も良きパートナーとして良い仕事をしていきたいと思います。,2043678,【BS結果報告】下畑導水管路撤去工事,旭化成(株) 総務部,"164,027","164,027",K,フォロー,2020/12/01,2022/02/01,2024/03/31,AWK400 営業第一グループ,兒玉 卓,EW2S20 中部エリア事業グループ,清水 純一郎, , , , , , , ,受注(注文書受領),EW2S20 中部エリア事業グループ,AWK400 営業第一グループ,旭化成,国内,契約先と同じ, ,対象外,調査不要,プラント事業部（共通,桑原 武,プラント事業部（共通,桑原 武,営業統括部（共通）,若林 健,調達部,佐藤 伸明,エリアＰＪ第一部共通,熊谷 郁夫,営業統括部（共通）,若林 健,応札より営業管理部場を営業部へ変更する（2021/4取決めの通り）,請負工事,金額基準,標準案件,プラント／ＡＫＧｒ向け国内建設業務,その他製造, , , , , , , , , , , , , , , , , , , , , , , , , , , , , , , , , , , ,2043678
101,118997496,328406,2024-05-08T14:12:34+09:00,2024-05-10T12:00:38+09:00,満足,*,多少不満,不満,どちらでもない,多少不満,大体満足,大体満足,どちらでもない,多少不満,依頼者（設技部担当）ではなく、工場担当者とのみ連絡をとり、確認事項・検討事項の相談をしていた。現地試運転時に不具合が多かったが、対応に戸惑っていたように感じた。,不満,不満,完成図書確認に時間がかかるが、提出は最終日であった。修正箇所もあった。,どちらでもない,多少不満,どちらでもない,どちらでもない,*,なし,1年以内,1年以内,*,*,2052483,【BS結果報告】PI-6_iFIX更新　*3件まとめ,旭化成(株)  ,"18,863","18,863",K,フォロー,2022/05/26,2023/03/31,2024/04/26,AWK400 営業第一グループ,兒玉 卓,EW7100 計装制御技術東日本（富士）,高橋 雅尚, , , , , , , ,受注(注文書受領),EW7100 計装制御技術東日本（富士）,AWK400 営業第一グループ,旭化成,国内,契約先と同じ, ,対象外,調査不要,計装制御技術部共通,佐藤 弘文,計装制御技術部共通,佐藤 弘文,営業統括部（共通）,若林 健,調達部,佐藤 伸明,計装制御技術東日本（JMF）,高野 剛,営業統括部（共通）,若林 健, ,請負工事,金額基準,標準案件,EICS／計装制御/ソフト/改善、更新,電子・情報材料, , , , , , , , , , , , , , , , , , , , , , , , , , , , , , , , , , , ,2052483
102,119047725,328038,2024-05-09T08:43:57+09:00,2024-05-20T12:32:53+09:00,満足,*,満足,満足,満足,満足,満足,満足,満足,満足,*,満足,満足,*,満足,満足,満足,満足,*,２年以内,２年以内,２年以内,*,*,2055580,【BS結果報告】2-11T　L/C更新 ,旭化成(株) 延岡 ﾍﾞﾝﾍﾞﾙｸﾞ工場,"33,170","32,980",K,フォロー,2022/12/26,2023/02/27,2024/03/30,CWK400 営業第二グループ,若松 慧,CW7210 電気技術九州第一,泉山 青也, , , , , , , ,受注(注文書受領),CW7210 電気技術九州第一,CWK400 営業第二グループ,旭化成,国内,契約先と同じ, , ,調査不要,ＥＩＣＳ事業部,多田 信嗣,電気技術部共通,渡辺 宗人,営業統括部（共通）,若林 健, , ,電気技術九州第一,末永 賢吾,営業第二グループ,増田 秀幸,"客先注番：T10XGWY
客先担当：由尾　優馬様
購買担当：黒木　淳一様",請負工事,金額基準,標準案件,EICS／電気/改善、更新エンジ,繊維,"2019年度に受注したロードセンター更新計画の3期目となります。基本的な考え方に変更がないため前回の議事録基準にて再承認依頼致します

（6基更新）であり、工場特命物件である。　※一期目は2020年度（2019年度受注）に８基更新済。
二期目は2021年度に4基更新済

", , , , , , , , , , , , , , , , , , , , , , , , , , , , , , , , , , ,2055580
103,119328777,328428,2024-05-13T13:21:44+09:00,2024-05-31T17:27:38+09:00,満足,*,非常に満足,満足,非常に満足,非常に満足,非常に満足,非常に満足,非常に満足,非常に満足,*,満足,非常に満足,*,非常に満足,非常に満足,非常に満足,非常に満足,*,５年以内,２年以内,２年以内,セオラス包装工程の設備新設計画があるので、建屋建設から機電計工事一括で提案段階から依頼したいと考えています,*,2057656,【BS結果報告】DG煙突撤去工事,旭化成(株) 延岡 ｾｵﾗｽ製造部,"92,528","92,528",K,フォロー,2023/03/16,2023/03/31,2024/04/26,CWK400 営業第二グループ,宮田 宣明,CW5T50 土木建築部,松山 秀貴, , , , , , , ,受注(注文書受領),CW5T50 土木建築部,CWK400 営業第二グループ,旭化成,国内,契約先と同じ, ,対象外,調査不要,プラント事業部（共通,桑原 武,プラント事業部（共通,桑原 武,営業統括部（共通）,若林 健, , ,土木建築部（共通）,佐藤 光英,営業第二グループ,増田 秀幸,"客先注番：Ｔ1110RP
客先担当：大屋　雅寛様
購買担当：増渕　樹　様",請負工事,金額基準,標準案件,プラント／ＡＫＧｒ向け国内建設業務,その他製造,"2019年度承認案件である。
昨年末に客先と再確認を実施。
取組応札については当時の内容を確認の上BSにて承認お願いいたします。
金額については、マスタの変更、産廃処理の量の変更のため修正しております。

19/11/26：取組応札会議開催
当時出席者（河野社長、疋田部長、上原主査、松山担当）", , , , , , , , , , , , , , , , , , , , , , , , , , , , , , , , , , ,2057656
104,119520187,328325,2024-05-16T09:10:53+09:00,2024-05-16T11:37:21+09:00,該当せず,今回、営業担当と関わっておらず。,満足,非常に満足,多少不満,大体満足,非常に満足,多少不満,非常に満足,非常に満足,"概ね満足です。ご対応ありがとうございました。

不満点のみ記載します。
・現地工事の工程表提出がギリギリであったため、関係個所（ハイポア・シェーベル工場など）の調整となってしまった。
・ソフトデバッグ立会時に、ソフト作成が未だった部分があった。",非常に満足,非常に満足,特になし,満足,満足,どちらでもない,満足,特になし。,未定,５年以内,５年以内,"設備更新案件
・変電所監視システム更新（2028年休転予定）
・用役DCS更新(目途は経っていないが、設備は限界のため、迅速に更新したい)
・動力センターUPS統合(可能なら2025年休転に実施したい)", ,2057158,【BS結果報告】用水水源ポンプ圧力制御化工事,旭化成(株) 守山,"25,600","25,600",K,フォロー,2023/02/06,2023/03/24,2024/03/31,BWK400 営業第一（大阪駐在),鎌田 貴弘,YW7100 計装制御技術西日本（守山）,駒井 伸之, , , , , , , ,受注(注文書受領),YW7100 計装制御技術西日本（守山）,BWK400 営業第一（大阪駐在),旭化成,国内,契約先と同じ, ,対象外,調査不要,計装制御技術部共通,佐藤 弘文,計装制御技術部共通,佐藤 弘文,営業統括部（共通）,若林 健, , ,計装制御技術西日本（守山）,植松 宣州,営業第一（大阪駐在),辰 雅俊, ,請負工事,金額基準,標準案件,旧AECS／計装制御/エンジ,繊維, , , , , , , , , , , , , , , , , , , , , , , , , , , , , , , , , , , ,2057158
105,119624535,326443,2024-05-17T14:20:56+09:00,2024-05-17T15:43:22+09:00,満足,挨拶、マナー、丁寧さ等の営業対応としては問題なく満足であった。ただ実務において質疑回答の遅れや見積もりの提出が遅れ、弊社購買とのやり取りの遅れ等が見られたことから1点減とし「満足」とした。,非常に満足,非常に満足,非常に満足,非常に満足,非常に満足,大体満足,満足,非常に満足,本件では御社富士グループでの検討、現場確認、見積もりを実施していたが、実行は守山グループで実施する事となった。実務としては非常に満足でしたが、守山からの対応であることも含め現場のベンダーとのコミュニケーションや一部床板採寸ミスによる手直し対応等で若干の改善箇所があるのではないかと感じた。,非常に満足,多少不満,現場コミュニケーションが良好であったことから報連相も含めて迅速性には問題なく満足している。ただし先述の採寸ミス等もあり完工が遅れ、完成図書も全体的に提出が遅れてしまった。経理上の処理もあることから可能な限り完成書類は早めに提出いただけると幸いである。,非常に満足,非常に満足,満足,非常に満足,概ね満足であり、問題は無し。,1年以内,２年以内,２年以内,案件あれば別途相談します。,*,2051577,【BS結果報告】2023年度大仁変圧器更新 *7件まとめ,旭化成ﾌｧｰﾏ(株) 大仁医薬工場,"42,437","42,437",K,フォロー,2021/10/01,2022/09/14,2023/12/31,AWK400 営業第一グループ,兒玉 卓,MW7310 電気技術西日本（水島）,泉水 真寛, , , , , , , ,受注(注文書受領),MW7310 電気技術西日本（水島）,AWK400 営業第一グループ,旭化成事業会社,国内,契約先と同じ, ,対象外,調査不要,ＥＩＣＳ事業部,多田 信嗣,電気技術部共通,渡辺 宗人,営業統括部（共通）,若林 健,調達部,佐藤 伸明,電気技術西日本（水島）,新保 雅之,営業第一グループ,増田 秀幸, ,請負工事,金額基準,標準案件,EICS／電気/改善、更新エンジ,医薬品, , , , , , , , , , , , , , , , , , , , , , , , , , , , , , , , , , , ,2051577
106,119624543,326174,2024-05-17T14:21:03+09:00,2024-05-17T15:50:07+09:00,満足,挨拶、マナー、丁寧さ等の営業対応としては問題なく満足であった。ただ実務において質疑回答の遅れや見積もりの提出が遅れ、弊社購買とのやり取りの遅れ等が見られたことから1点減とし「満足」とした。,満足,大体満足,大体満足,満足,非常に満足,多少不満,どちらでもない,大体満足,本件では設計ミスによりトラブルが発生、緊急で手直しを要する事態となった。ベンダーとのコミュニケーションに問題が無かったか再度見直していただきたい。工程管理や安全管理については満足している。,多少不満,不満,報告が後回しになる、こちらから聞いて発覚する等があり迅速性に難があったと考える。ミスを正直に報告する風土を醸成する必要を感じた。完成図書は納期遅延となった。こちらも改善ができればなお良し。,大体満足,大体満足,満足,大体満足,本件では本体工事よりも事後発覚の設計ミストラブル対応のほうがインパクトの強いものであった。想定外の問題について早急に解決するようにしていただきたい。,1年以内,1年以内,２年以内,別途案件があれば相談いたします。,*,2049454,【BS結果報告】Rプラント負荷統合電気工事*3件まとめ,旭化成ﾌｧｰﾏ(株) 大仁医薬工場,"33,805","33,805",K,フォロー,2022/04/01,2022/08/16,2024/01/31,AWK400 営業第一グループ,兒玉 卓,FW7310 電気技術東日本（川崎）,比嘉 龍嗣, , , , , , , ,受注(注文書受領),FW7310 電気技術東日本（川崎）,AWK400 営業第一グループ,旭化成事業会社,国内,契約先と同じ, ,対象外,調査不要,ＥＩＣＳ事業部,多田 信嗣,電気技術部部付,新保 雅之,営業統括部（共通）,若林 健,調達部,佐藤 伸明,電気技術東日本（川崎）,黒沢 祐介,営業第一グループ,増田 秀幸, ,請負工事,金額基準,標準案件,EICS／電気/改善、更新エンジ,医薬品, , , , , , , , , , , , , , , , , , , , , , , , , , , , , , , , , , , ,2049454
107,123328435,328328,2024-07-08T15:32:12+09:00,2024-07-08T15:46:42+09:00,非常に満足,*,非常に満足,非常に満足,非常に満足,非常に満足,非常に満足,非常に満足,非常に満足,非常に満足,*,非常に満足,非常に満足,*,非常に満足,非常に満足,非常に満足,該当せず,*,未定,1年以内,未定,*,*,2052267,【BS結果報告】【DIC堺】E現場MCIS導入,DIC(株) 堺工場,"50,498","50,498",K,フォロー,2022/06/06,2023/03/28,2024/06/30,BWK400 営業第一（大阪駐在),辰 雅俊,MW7540 デジタル技術部ビジネスソリューションGr,小若 寛明, , , , , , , ,受注(注文書受領),MW7540 デジタル技術部ビジネスソリューションGr,BWK400 営業第一（大阪駐在),その他,国内,契約先と同じ, ,対象外,調査不要,ＥＩＣＳ事業部,多田 信嗣,デジタル技術部共通,渡部 剛久,営業統括部（共通）,若林 健,調達部,佐藤 伸明,デジタル技術部ビジネスソリューションGr,加藤 隆宣,営業統括部（共通）,若林 健,堺工場における水平展開,請負工事,金額基準,標準案件,EICS／MES領域案件,その他製造, , , , , , , , , , , , , , , , , , , , , , , , , , , , , , , , , , , ,2052267
108,123329156,328328,2024-07-08T15:42:27+09:00,2024-07-08T17:19:10+09:00,非常に満足,現場の細かな要望にも真摯に答えて頂き感謝しております。,非常に満足,非常に満足,非常に満足,非常に満足,非常に満足,非常に満足,非常に満足,非常に満足,*,非常に満足,非常に満足,月例会議など細かなコミュニケーションを取り、常に進捗を報告して頂いていた,非常に満足,非常に満足,満足,どちらでもない,"提案～問題解決力は非常に満足しております。
コスト妥当性については、他現場での導入実績からもう少し安価でも良いかなと感じました。
他社との比較は”？”です",未定,1年以内,1年以内,"通信状況を改善する必要があります。
本格的な運用前に実施したく考えております。","当現場では通信状況に少し不安があります。
今後他現場に展開する場合、NTT様の電波状況の確認に貴社も立ち会っていただいた方が良いかと思います。（NTT様の測定機器ではOKでも無線の秤を使用すると通信状況が滞る場合があるので）
以上です。
各担当者様の丁寧なご対応に感謝いたします。今後ともよろしくお願いいたします。",2052267,【BS結果報告】【DIC堺】E現場MCIS導入,DIC(株) 堺工場,"50,498","50,498",K,フォロー,2022/06/06,2023/03/28,2024/06/30,BWK400 営業第一（大阪駐在),辰 雅俊,MW7540 デジタル技術部ビジネスソリューションGr,小若 寛明, , , , , , , ,受注(注文書受領),MW7540 デジタル技術部ビジネスソリューションGr,BWK400 営業第一（大阪駐在),その他,国内,契約先と同じ, ,対象外,調査不要,ＥＩＣＳ事業部,多田 信嗣,デジタル技術部共通,渡部 剛久,営業統括部（共通）,若林 健,調達部,佐藤 伸明,デジタル技術部ビジネスソリューションGr,加藤 隆宣,営業統括部（共通）,若林 健,堺工場における水平展開,請負工事,金額基準,標準案件,EICS／MES領域案件,その他製造, , , , , , , , , , , , , , , , , , , , , , , , , , , , , , , , , , , ,2052267
109,128309398,327910,2024-09-10T15:09:37+09:00,2024-09-11T10:44:45+09:00,大体満足,"大きな問題も無く完遂できたのため。
1点あるとすれば、打合せや現場確認等が施工担当者任せになっているところが多くあると感じた。
役割分担を明確にすれば、さらに円滑な業務になると思う。",満足,満足,満足,非常に満足,非常に満足,大体満足,非常に満足,非常に満足,*,非常に満足,非常に満足,"大規模な工事にも関わらず、大量な図面の確認にも迅速に対応していただき
検収も大きな遅滞なく行えた。感謝しかない。",非常に満足,非常に満足,満足,満足,"いかなる工事においても柔軟に対応していただき、様々な分野で強みをお持ちな方々が組織として対応していただいた。
その成果が現場に現れていると思う。",未定,未定,５年以内,"動力課で高圧ケーブル更新について検討中。
今後、AECの方と共に共同して推進していく予定としている。",*,2054983,【BS結果報告】2023年11月全休転電源設備点検整備,旭化成ﾌｧｰﾏ(株) 大仁医薬工場,"37,053","37,053",K,フォロー,2022/04/22,2023/02/13,2024/01/28,AWK400 営業第一グループ,兒玉 卓,MW7310 電気技術西日本（水島）,壱岐 祐典, , , , , , , ,受注(注文書受領),MW7310 電気技術西日本（水島）,AWK400 営業第一グループ,旭化成事業会社,国内,契約先と同じ, ,対象外,調査不要,ＥＩＣＳ事業部,多田 信嗣,電気技術部共通,渡辺 宗人,営業統括部（共通）,若林 健,調達部,佐藤 伸明,電気技術西日本（水島）,新保 雅之,営業第一グループ,増田 秀幸, ,請負工事,金額基準,標準案件,EICS／電気/点検、検査,医薬品, , , , , , , , , , , , , , , , , , , , , , , , , , , , , , , , , , , ,2054983
110,128309413,326538,2024-09-10T15:09:49+09:00,2024-09-11T11:09:51+09:00,大体満足,"2022年度の中の注文決定に向けて仕様決定や見積り取得に注力していただいた。
追加工事についても柔軟かつ迅速に対応していただいと感じている。
ただ、施工担当者に任せている部分が多いと感じるので、もう少し打合せ段階から参画していただけるとより綿密な打ち合わせとすることが出来るのでは、と思った。",満足,非常に満足,非常に満足,非常に満足,非常に満足,大体満足,非常に満足,非常に満足,"技術力や安全管理、成果物への対応は言うまでも無く完璧に実施し、付加価値として提供していただいた。
非常に感謝している。
工程がタイトな中、これだけ大規模な工事を完遂することができたのは今回のメンバーだからこそなしえることが出来たことだと思う。
1点あるとすれば、ベンダーの管理が人数も多くなかなか厳しい部分があったのではないかと感じる。（下請けの担当者が流動的に変わり、引継ぎ漏れもあったのではないか。）その辺を契約内容に含めると改善につながるかもしれない。",非常に満足,非常に満足,全く問題なかった。,非常に満足,非常に満足,どちらでもない,非常に満足,"富士メンバーでだけでなく、水島の有識者の方が参画していただき、
組織力がより強固になっていた。このまま継続してほしい。",なし,なし,５年以内,別アンケート参照,*,2051580,【BS結果報告】特高1号トランス更新,旭化成ﾌｧｰﾏ(株) 大仁医薬工場,"72,756","72,756",K,フォロー,2021/12/01,2022/09/26,2024/02/29,AWK400 営業第一グループ,兒玉 卓,FW7310 電気技術東日本（川崎）,上野 英俊, , , , , , , ,受注(注文書受領),FW7310 電気技術東日本（川崎）,AWK400 営業第一グループ,旭化成事業会社,国内,契約先と同じ, ,対象外,調査不要,ＥＩＣＳ事業部,多田 信嗣,電気技術部共通,渡辺 宗人,営業統括部（共通）,若林 健,調達部,佐藤 伸明,電気技術西日本（水島）,新保 雅之,営業統括部（共通）,若林 健, ,請負工事,金額基準,標準案件,EICS／電気/改善、更新エンジ,医薬品, , , ,2024/02/13 0:00:00, ,ODR-2（大仁配電設備更新2期工事）,旭化成ファーマ株式会社,静岡県伊豆の国市三福632-1,特高変電所内におけるNo1特高変圧器及び高圧フィーダー盤更新工事1式※保安監督部の安全管理審査対象外補足：ODR-1の内容（2020年度実施）No2特高変圧器更新、高圧フィーダー盤増設,・特高変圧器、高圧フィーダー盤の手配及び更新・上記に伴うPLCソフト改造及び用役監視PC画面修正・既設特高監視盤改造　撤去は別途発注（2023年11月（休転後）\x{ff5e}実施）,2023/12/28,上野,"１）客先に仕様変更が発生した場合は仕様を明確にし都度追加費用の合意を得る。
２）ベンダーへは追加発注が発生しないように仕様書を作りこむ。
３）エンジニアリングスケジュールで項目漏れ、スケジュール管理漏れを防ぐ。","【目標】
１）特高設備のスキル習得
２）設備技術部との強いパイプの構築

【課題及びその達成の方策】
１）専任PMOを投入し、密度をあげる（ドキュメントをしっかり作りこむ）
２）客先と定期的な打合せを行う（担当者だけでなく組織として繋がる）
","１）納入品の納期は契約した期日を守るようにモニタリングを行う（毎月チェックする）
２）運転中工事は過去の事例を反映して確実な施工計画で進める（ケーブル事前敷設、新規盤の事前搬入など）
３）停電期間内で作業を確実に完了させれるように、タイムスケジュールを作成する（TR基礎加工、SP碍子取付け、2次ケーブルの端末処理など）","１）官庁申請書類の作成範囲・提出期限を明確にし、遅滞なく提出を行う。　
２）特高変圧器・高圧フィーダー盤立会検査のスケジュール調整を行う（客先）　　","１）仕様変更発生時は追加変更確認書にて客先の合意を得て追加受注した。
２）客先の仕様漏れによる用役監視PC・PLCソフト修正と、トラブル対応の費用で追加発注が発生したが予算内に納めることができた。
３）月例会・週例会を開催し、エンジニアリングスケジュールで設計・現地工事の管理を行っていたため、漏れなく完了。","１）専任PMOとして金口ｓに参画頂き、変圧器の基礎ボルト耐震強度検討や直流容量電源検討などの技術レポートや、施工計画書（安全対策など）、エンジニアリングスケジュールなど精度の高いドキュメント作成を行えることができ、ノウハウとして蓄積することができた。
２）2022年・2023年は計画的に客先の所へ赴き（毎週）、主任技術者や工事担当者、依頼部場へ積極的に顔合わせを行った。
客先からの相談や調整事項などを共有し、場合によってはプラントC&M事業部（中部エリア）のメンバーも交えて打合せを行い、組織としての繋がりを太くすることができ、新しい案件の相談なども増えるようになった。","１）納入品の製作遅れなどがないか月例会で毎月進捗確認を行い、問題発生時は随時対応することで納期を守るこができた。（SP碍子の納期遅延の早期対策も毎月の進捗確認の成果）
２）前回の特高TRや高圧ケーブル更新の施工事例をベンダーと共有して施工方法と安全対策の作りこみを行い、問題なく工事を完遂させた。
３）停電期間の作業は、他工事や点検含めて特高変電所内の全作業において1日ごとの作業マップを作成し、タイムスケジュールに落とし込み、錯綜がないように調整を図った。結果、他作業と干渉しないで安全に作業ができる環境を作ることができた。","１）必要な書類は客先と期限を決め早期提出を行ったため、官庁への申請も問題なく完了した。
２）立会検査は依頼部場（総務部）も参加希望であったため、早めに検査日を確定させ、工場見学などもスケジュールに盛り込んだ。",要,2023/05/01 0:00:00,2023/07/01 0:00:00,2023/10/01 0:00:00, ,2023/05/01 0:00:00,2023/05/01 0:00:00,2023/05/24 0:00:00,2023/06/20 0:00:00,2023/08/22 0:00:00, ,2023/07/18 0:00:00,2023/07/18 0:00:00, ,0,2051580
111,128309426,326539,2024-09-10T15:09:56+09:00,2024-09-11T11:11:22+09:00,大体満足,別アンケート参照,満足,非常に満足,非常に満足,非常に満足,非常に満足,大体満足,非常に満足,非常に満足,別アンケート参照,非常に満足,非常に満足,別アンケート参照,非常に満足,非常に満足,どちらでもない,非常に満足,別アンケート参照,なし,なし,未定,別アンケート参照,*,2051581,【BS結果報告】高圧フィーダー盤更新,旭化成ﾌｧｰﾏ(株) 大仁医薬工場,"65,778","65,778",K,顧客満足,2021/12/01,2022/09/26,2024/02/29,AWK400 営業第一グループ,兒玉 卓,FW7310 電気技術東日本（川崎）,上野 英俊, , , , , , , ,受注(注文書受領),FW7310 電気技術東日本（川崎）,AWK400 営業第一グループ,旭化成事業会社,国内,契約先と同じ, ,対象外,調査不要,ＥＩＣＳ事業部,多田 信嗣,電気技術部共通,渡辺 宗人,営業統括部（共通）,若林 健,調達部,佐藤 伸明,電気技術西日本（水島）,新保 雅之,営業統括部（共通）,若林 健, ,請負工事,金額基準,標準案件,EICS／電気/改善、更新エンジ,医薬品, , , ,2024/02/13 0:00:00, ,ODR-2（大仁配電設備更新2期工事）,旭化成ファーマ株式会社,静岡県伊豆の国市三福632-1,特高変電所内におけるNo1特高変圧器及び高圧フィーダー盤更新工事1式※保安監督部の安全管理審査対象外補足：ODR-1の内容（2020年度実施）No2特高変圧器更新、高圧フィーダー盤増設,・特高変圧器、高圧フィーダー盤の手配及び更新・上記に伴うPLCソフト改造及び用役監視PC画面修正・既設特高監視盤改造　撤去は別途発注（2023年11月（休転後）\x{ff5e}実施）,2023/12/28,上野,"１）客先に仕様変更が発生した場合は仕様を明確にし都度追加費用の合意を得る。
２）ベンダーへは追加発注が発生しないように仕様書を作りこむ。
３）エンジニアリングスケジュールで項目漏れ、スケジュール管理漏れを防ぐ。","【目標】
１）特高設備のスキル習得
２）設備技術部との強いパイプの構築

【課題及びその達成の方策】
１）専任PMOを投入し、密度をあげる（ドキュメントをしっかり作りこむ）
２）客先と定期的な打合せを行う（担当者だけでなく組織として繋がる）
","１）納入品の納期は契約した期日を守るようにモニタリングを行う（毎月チェックする）
２）運転中工事は過去の事例を反映して確実な施工計画で進める（ケーブル事前敷設、新規盤の事前搬入など）
３）停電期間内で作業を確実に完了させれるように、タイムスケジュールを作成する（TR基礎加工、SP碍子取付け、2次ケーブルの端末処理など）","１）官庁申請書類の作成範囲・提出期限を明確にし、遅滞なく提出を行う。　
２）特高変圧器・高圧フィーダー盤立会検査のスケジュール調整を行う（客先）　　","１）仕様変更発生時は追加変更確認書にて客先の合意を得て追加受注した。
２）客先の仕様漏れによる用役監視PC・PLCソフト修正と、トラブル対応の費用で追加発注が発生したが予算内に納めることができた。
３）月例会・週例会を開催し、エンジニアリングスケジュールで設計・現地工事の管理を行っていたため、漏れなく完了。","１）専任PMOとして金口ｓに参画頂き、変圧器の基礎ボルト耐震強度検討や直流容量電源検討などの技術レポートや、施工計画書（安全対策など）、エンジニアリングスケジュールなど精度の高いドキュメント作成を行えることができ、ノウハウとして蓄積することができた。
２）2022年・2023年は計画的に客先の所へ赴き（毎週）、主任技術者や工事担当者、依頼部場へ積極的に顔合わせを行った。
客先からの相談や調整事項などを共有し、場合によってはプラントC&M事業部（中部エリア）のメンバーも交えて打合せを行い、組織としての繋がりを太くすることができ、新しい案件の相談なども増えるようになった。","１）納入品の製作遅れなどがないか月例会で毎月進捗確認を行い、問題発生時は随時対応することで納期を守るこができた。（SP碍子の納期遅延の早期対策も毎月の進捗確認の成果）
２）前回の特高TRや高圧ケーブル更新の施工事例をベンダーと共有して施工方法と安全対策の作りこみを行い、問題なく工事を完遂させた。
３）停電期間の作業は、他工事や点検含めて特高変電所内の全作業において1日ごとの作業マップを作成し、タイムスケジュールに落とし込み、錯綜がないように調整を図った。結果、他作業と干渉しないで安全に作業ができる環境を作ることができた。","１）必要な書類は客先と期限を決め早期提出を行ったため、官庁への申請も問題なく完了した。
２）立会検査は依頼部場（総務部）も参加希望であったため、早めに検査日を確定させ、工場見学などもスケジュールに盛り込んだ。",要,2023/05/01 0:00:00,2023/07/01 0:00:00,2023/10/01 0:00:00, ,2023/05/01 0:00:00,2023/05/01 0:00:00,2023/05/24 0:00:00,2023/06/20 0:00:00,2023/08/22 0:00:00, ,2023/07/18 0:00:00,2023/07/18 0:00:00, ,0,2051581
112,130100061,328380,2024-10-08T09:00:41+09:00,2024-10-18T10:36:26+09:00,満足,対応が丁寧かつ迅速であった,大体満足,大体満足,大体満足,大体満足,大体満足,大体満足,満足,大体満足,*,大体満足,満足,*,大体満足,大体満足,どちらでもない,大体満足,*,未定,未定,未定,*,*,2052266,【BS結果報告】【DIC千葉】V現場MCIS導入,DIC(株) 本社,"56,320","56,320",K,フォロー(追加有),2022/05/25,2023/03/31,2024/09/30,BWK400 営業第一（大阪駐在),辰 雅俊,MW7540 デジタル技術部ビジネスソリューションGr,瀧元 隆, , , , , , , ,受注(注文書受領),MW7540 デジタル技術部ビジネスソリューションGr,BWK400 営業第一（大阪駐在),その他,国内,契約先と同じ, ,対象外,調査不要,ＥＩＣＳ事業部,多田 信嗣,デジタル技術部共通,渡部 剛久,営業統括部（共通）,若林 健,調達部,佐藤 伸明,デジタル技術部ビジネスソリューションGr,加藤 隆宣,営業統括部（共通）,若林 健,千葉工場の水平展開,請負工事,金額基準,標準案件,EICS／MES領域案件,その他製造, , , , , , , , , , , , , , , , , , , , , , , , , , , , , , , , , , , ,2052266
113,130143324,328221,2024-10-09T09:33:24+09:00,2024-10-09T09:41:37+09:00,満足,*,満足,大体満足,満足,満足,満足,どちらでもない,非常に満足,満足,*,満足,満足,*,大体満足,大体満足,大体満足,どちらでもない,*,*,*,*,*,*,2057911,【BS結果報告】5HP3/4号蒸留　計装工事,旭化成(株) ﾊｲﾎﾟｱ日向工場,"72,443","72,443",K,フォロー,2023/02/17,2023/03/13,2024/09/30,CWK400 営業第二グループ,若松 慧,CW7220 計装制御技術九州,小田 隆二, , , , , , , ,受注(注文書受領),CW7220 計装制御技術九州,CWK400 営業第二グループ,旭化成,国内,契約先と同じ, ,対象外,調査不要,ＥＩＣＳ事業部,多田 信嗣,計装制御技術部共通,佐藤 弘文,営業統括部（共通）,若林 健, , ,計装制御技術九州,大塚 貞治,営業第二グループ,増田 秀幸,"23/5/30
生技本、計装技術部より昨今の単価上昇の影響で工事予算が超過しており、実施範囲の見直しなどでコストダウンできないかという相談を受け、実施範囲を見直したことによる再応札

客先注番：T111W4Y
客先担当：満薗友宏様",請負工事,金額基準,標準案件,EICS／計装制御/制御盤/改善、更新,その他化学品,"＜投資目的＞
蒸留設備の回収率をアップさせる為に蒸留設備（常圧仕様）を新たに新設する。
本件は、その盤制作を行うものである。
※電装品の長納期対策として盤のみ先行。機械設計後に工事見積も別途実施する。
ハイポア日向状況　　1，2号：減圧蒸留　、　3号：常圧蒸留（5CNで新設）　、4号：常圧蒸留（本件）
＜取組可否＞
ＡＫ生技本 計装技術部　特命案件(コストオープン契約)
5CN建設工事の実績もあり、本件は先日実施したRLP合理化工事の次のステップの工事である。
今後の塗工ライン建設計画も見据え積極的に取組む。", , , , , , , , , , , , , , , , , , , , , , , , , , , , , , , , , , ,2057911
114,130595857,314586,2024-10-18T09:05:55+09:00,2024-10-19T10:07:20+09:00,大体満足,今回のような案件で営業が必要かは疑問。,満足,大体満足,満足,満足,満足,満足,大体満足,大体満足,作り易さ優先な部分があり、コスト・メンテナンス性まで含めた検討がなされたか疑問な部分が見られた。,満足,満足,ほとんどの報告はきっちり行われており満足している。,どちらでもない,大体満足,大体満足,大体満足,"今回のプロジェクトにおいては弊社の提案に対するより良い提案が少なかった。
弊社から依頼していない項目に対する導入理由の説明に不足を感じる部分があった。
コストを下げる方向の提案が少なかった。",未定,未定,1年以内,長野工場の老朽化のためメンテナンス計画を策定したい。,"年に一度程度で良いので打合せの席を設けて欲しい。
御社窓口がどこかを明確にしておいて欲しい。",2024250,【BS結果報告】新工場建設,(株)ｶﾅｾ 本社,"2,397,050","2,397,050",K,フォロー,2015/09/30,2017/05/24,2024/08/31,BWK400 営業第一（大阪駐在),八代 知洋,YW5S10 関西エリア事業グループ,大西 守, , , , , , , ,受注(注文書受領),YW5S10 関西エリア事業グループ,BWK400 営業第一（大阪駐在),その他,国内,契約先と同じ, ,対象外,調査不要,全社共通(役員),岡田 一郎,プラント事業部（共通,桑原 武,営業統括部（共通）,若林 健,調達部,佐藤 伸明,エリアＰＪ第一部共通,熊谷 郁夫,営業第一（大阪駐在),辰 雅俊,本社棟、アクリル工場の建設工事,請負工事,金額基準,標準案件,プラント／外販国内建設業務,樹脂原料・製品,積極的に取り組む, , , , , , , , , , , , , , , , , , , , , , , , , , , , , , , , , , ,2024250
115,130596293,314586,2024-10-18T09:17:29+09:00,2024-10-18T10:00:07+09:00,満足,営業の八代様とは、挨拶程度でした。,満足,非常に満足,非常に満足,非常に満足,満足,満足,大体満足,大体満足,マテハン設備には　非常に良い設備が出来たと思っています。,非常に満足,大体満足,原因など、細かく報告を受けて、対応もすぐにしてくれました。,満足,非常に満足,大体満足,どちらでもない,*,未定,未定,未定,*,*,2024250,【BS結果報告】新工場建設,(株)ｶﾅｾ 本社,"2,397,050","2,397,050",K,フォロー,2015/09/30,2017/05/24,2024/08/31,BWK400 営業第一（大阪駐在),八代 知洋,YW5S10 関西エリア事業グループ,大西 守, , , , , , , ,受注(注文書受領),YW5S10 関西エリア事業グループ,BWK400 営業第一（大阪駐在),その他,国内,契約先と同じ, ,対象外,調査不要,全社共通(役員),岡田 一郎,プラント事業部（共通,桑原 武,営業統括部（共通）,若林 健,調達部,佐藤 伸明,エリアＰＪ第一部共通,熊谷 郁夫,営業第一（大阪駐在),辰 雅俊,本社棟、アクリル工場の建設工事,請負工事,金額基準,標準案件,プラント／外販国内建設業務,樹脂原料・製品,積極的に取り組む, , , , , , , , , , , , , , , , , , , , , , , , , , , , , , , , , , ,2024250
116,132280382,327475,2024-11-06T14:13:48+09:00,2024-11-07T17:20:00+09:00,満足,要対応項目を多く出したが、誠意をもって対応いただけた。,満足,満足,大体満足,大体満足,非常に満足,満足,満足,満足,問題なく稼働出来たため。,満足,満足,都度連絡貰っていた為、滞りなく進められたと感じている。,満足,非常に満足,大体満足,満足,総合的にうまくいったと感じています。,*,*,*,*,"この度はありがとうございました。
また設計要素の高い設備がありましたらお願いしたいと考えています。",2054874,【BS結果報告】PI8-300　MC槽　攪拌機、ノズル昇降機,旭化成(株) 生産技術本部,"41,905","44,285",K,フォロー(追加有),2022/12/19,2022/12/20,2024/10/31,EW5U00 システム機器部,鈴木 卓朗,EW5U00 システム機器部,鈴木 卓朗, , , , , , , ,受注(注文書受領),EW5U00 システム機器部,EW5U00 システム機器部,旭化成,国内,契約先と同じ, ,対象外,調査不要,プラント事業部（共通,桑原 武,プラント事業部（共通,桑原 武,システム機器部,園田 弘道,調達部,佐藤 伸明,システム機器部,園田 弘道,システム機器部,園田 弘道, ,請負工事,金額基準,標準案件,シス機／商品事業,電気・電子機器, , , , , , , , , , , , , , , , , , , , , , , , , , , , , , , , , , , ,2054874
